<?xml version='1.0' encoding='utf-8'?>
<kml xmlns="http://www.opengis.net/kml/2.2">
  <Document>
    <name>Territoires restitués depuis plus d'un an</name>
    <Placemark>
      <Style><LineStyle><color>ffC06515</color><width>2</width></LineStyle><PolyStyle><color>80C06515</color></PolyStyle></Style><name>EMMERIN 13</name>
      <description>Restitué le 19.07.2025 — 413 jours</description><MultiGeometry>
        <Polygon>
          <tessellate>1</tessellate>
          <outerBoundaryIs>
            <LinearRing>
              <coordinates>2.997647529269414,50.5978876890157,100 2.9992997484649524,50.59809199533002,100 2.999530463351947,50.597819586713825,100 2.999696720788565,50.597380324499326,100 2.999793282109584,50.59666523770695,100 2.999857631771863,50.59608294472248,100 3.0002701897008426,50.595173736008526,100 3.0000716493127526,50.59514649352889,100 2.999717496188086,50.59510222446585,100 2.9993855971181387,50.59502049685545,100 2.9991763830184937,50.59496260637889,100 2.998816967010498,50.59489790517378,100 2.998484373092652,50.59486725720351,100 2.9983448982238774,50.59486044654071,100 2.9982429742813115,50.594843419879474,100 2.9980820525192358,50.59518735724243,100 2.997969408722945,50.59540529644895,100 2.9978835744415426,50.595698150668696,100 2.997819187053441,50.59715558410666,100 2.9978191924428508,50.59725773896364,100 2.997792368556219,50.59736329874959,100 2.997647529269414,50.5978876890157,100 </coordinates>
            </LinearRing>
          </outerBoundaryIs>
          <altitudeMode>relativeToGround</altitudeMode>
        </Polygon>
      </MultiGeometry>
    </Placemark>
    <Placemark>
      <Style><LineStyle><color>ffC06515</color><width>2</width></LineStyle><PolyStyle><color>80C06515</color></PolyStyle></Style><name>ENNETIERES 2</name>
      <description>Restitué le 17.07.2025 — 415 jours</description><MultiGeometry>
        <Polygon>
          <tessellate>1</tessellate>
          <outerBoundaryIs>
            <LinearRing>
              <coordinates>3.098777532577515,50.54851492514803,100 3.096610307693482,50.54957842234455,100 3.0950975418090825,50.551057734321645,100 3.095011711120606,50.55377082182849,100 3.095258474349976,50.55456154156562,100 3.095054626464844,50.55493644715061,100 3.0952906608581547,50.5550046114821,100 3.095526695251465,50.55475921942751,100 3.0958271026611333,50.55441839501021,100 3.0964922904968266,50.55399576931051,100 3.0973184108734135,50.55349134012829,100 3.098058700561524,50.55304143927674,100 3.098359107971192,50.55285738769085,100 3.098552227020264,50.552731277856026,100 3.0987131595611577,50.55268015215122,100 3.098938465118408,50.551671260233725,100 3.0991208553314213,50.55077823653679,100 3.099356889724732,50.54950343294372,100 3.0994749069213867,50.548760349707145,100 3.0994749069213867,50.548617185536244,100 3.0994105339050297,50.54847402093063,100 3.0992388725280766,50.548385395004544,100 3.098777532577515,50.54851492514803,100 </coordinates>
            </LinearRing>
          </outerBoundaryIs>
          <altitudeMode>relativeToGround</altitudeMode>
        </Polygon>
      </MultiGeometry>
    </Placemark>
    <Placemark>
      <Style><LineStyle><color>ffC06515</color><width>2</width></LineStyle><PolyStyle><color>80C06515</color></PolyStyle></Style><name>ENNETIERES 3</name>
      <description>Restitué le 02.06.2025 — 460 jours</description><MultiGeometry>
        <Polygon>
          <tessellate>1</tessellate>
          <outerBoundaryIs>
            <LinearRing>
              <coordinates>3.093187808990479,50.55378445503978,100 3.090795278549195,50.55553628988473,100 3.091192245483399,50.557315324010844,100 3.0918252468109135,50.5579355844906,100 3.092340230941773,50.55742438138988,100 3.093037605285645,50.55679048184501,100 3.0937242507934575,50.55634061248007,100 3.0939495563507085,50.55617702255556,100 3.0942392349243164,50.555948677336616,100 3.095258474349976,50.55505914287631,100 3.0952692031860356,50.5550114279098,100 3.0951404571533208,50.55496371289504,100 3.0950170755386357,50.55493644715061,100 3.095108270645142,50.55482056756089,100 3.095183372497559,50.55462970643923,100 3.095183372497559,50.554459294070405,100 3.094979524612427,50.55396168642769,100 3.093734979629517,50.553620856244144,100 3.093187808990479,50.55378445503978,100 </coordinates>
            </LinearRing>
          </outerBoundaryIs>
          <altitudeMode>relativeToGround</altitudeMode>
        </Polygon>
      </MultiGeometry>
    </Placemark>
    <Placemark>
      <Style><LineStyle><color>ff327D2E</color><width>2</width></LineStyle><PolyStyle><color>80327D2E</color></PolyStyle></Style><name>FACHES TH. APPT A01</name>
      <description>Restitué le 16.08.2025 — 385 jours</description><MultiGeometry>
        <Polygon>
          <tessellate>1</tessellate>
          <outerBoundaryIs>
            <LinearRing>
              <coordinates>3.0757212602925725,50.585903572326075,100 3.075919725794965,50.585903572326075,100 3.075946540699262,50.585600439169326,100 3.075340386612458,50.58559022116374,100 3.0753242700042502,50.5859001663464,100 3.0757212602925725,50.585903572326075,100 </coordinates>
            </LinearRing>
          </outerBoundaryIs>
          <altitudeMode>relativeToGround</altitudeMode>
        </Polygon>
      </MultiGeometry>
    </Placemark>
    <Placemark>
      <Style><LineStyle><color>ff327D2E</color><width>2</width></LineStyle><PolyStyle><color>80327D2E</color></PolyStyle></Style><name>FACHES TH. APPT A03</name>
      <description>Restitué le 09.06.2025 — 453 jours</description><MultiGeometry>
        <Polygon>
          <tessellate>1</tessellate>
          <outerBoundaryIs>
            <LinearRing>
              <coordinates>3.0746161955678453,50.58580479881517,100 3.074630235458336,50.58558000315596,100 3.0739218951445717,50.58557659715285,100 3.0739242125890076,50.585797986841264,100 3.0746161955678453,50.58580479881517,100 </coordinates>
            </LinearRing>
          </outerBoundaryIs>
          <altitudeMode>relativeToGround</altitudeMode>
        </Polygon>
      </MultiGeometry>
    </Placemark>
    <Placemark>
      <Style><LineStyle><color>ff327D2E</color><width>2</width></LineStyle><PolyStyle><color>80327D2E</color></PolyStyle></Style><name>FACHES TH. APPT A04</name>
      <description>Restitué le 16.08.2025 — 385 jours</description><MultiGeometry>
        <Polygon>
          <tessellate>1</tessellate>
          <outerBoundaryIs>
            <LinearRing>
              <coordinates>3.072915673255921,50.5907636543208,100 3.072207570075989,50.59043671289749,100 3.071783781051636,50.59083176683154,100 3.0724757909774785,50.591148488712044,100 3.072915673255921,50.5907636543208,100 </coordinates>
            </LinearRing>
          </outerBoundaryIs>
          <altitudeMode>relativeToGround</altitudeMode>
        </Polygon>
      </MultiGeometry>
    </Placemark>
    <Placemark>
      <Style><LineStyle><color>ff327D2E</color><width>2</width></LineStyle><PolyStyle><color>80327D2E</color></PolyStyle></Style><name>FACHES TH. APPT A06</name>
      <description>Restitué le 23.01.2025 — 590 jours</description><MultiGeometry>
        <Polygon>
          <tessellate>1</tessellate>
          <outerBoundaryIs>
            <LinearRing>
              <coordinates>3.074074387550354,50.59015404296182,100 3.073881268501282,50.59005868404646,100 3.073580861091614,50.590337948895986,100 3.073784708976746,50.59041968463614,100 3.074074387550354,50.59015404296182,100 </coordinates>
            </LinearRing>
          </outerBoundaryIs>
          <altitudeMode>relativeToGround</altitudeMode>
        </Polygon>
      </MultiGeometry>
    </Placemark>
    <Placemark>
      <Style><LineStyle><color>ff327D2E</color><width>2</width></LineStyle><PolyStyle><color>80327D2E</color></PolyStyle></Style><name>FACHES TH. APPT A07</name>
      <description>Restitué le 19.06.2025 — 443 jours</description><MultiGeometry>
        <Polygon>
          <tessellate>1</tessellate>
          <outerBoundaryIs>
            <LinearRing>
              <coordinates>3.073360919952393,50.58802885560811,100 3.0744713544845585,50.58860103087079,100 3.074294328689575,50.5887440736,100 3.0740636587142944,50.58863508870288,100 3.0738973617553715,50.58877472555686,100 3.0736076831817627,50.5886487118288,100 3.073462843894959,50.58876110246739,100 3.0731678009033208,50.588618059789916,100 3.0734682083129887,50.588369436959255,100 3.0731517076492314,50.588195740778,100 3.073360919952393,50.58802885560811,100 </coordinates>
            </LinearRing>
          </outerBoundaryIs>
          <altitudeMode>relativeToGround</altitudeMode>
        </Polygon>
      </MultiGeometry>
    </Placemark>
    <Placemark>
      <Style><LineStyle><color>ff327D2E</color><width>2</width></LineStyle><PolyStyle><color>80327D2E</color></PolyStyle></Style><name>FACHES TH. APPT A09</name>
      <description>Restitué le 14.09.2024 — 721 jours</description><MultiGeometry>
        <Polygon>
          <tessellate>1</tessellate>
          <outerBoundaryIs>
            <LinearRing>
              <coordinates>3.0793529748916626,50.594370076231165,100 3.0798625946044926,50.59473444910162,100 3.0810320377349854,50.594189591428346,100 3.0805546045303345,50.59378434944427,100 3.0794656276702885,50.59430877958326,100 3.07943344116211,50.59432240106749,100 3.0793529748916626,50.594370076231165,100 </coordinates>
            </LinearRing>
          </outerBoundaryIs>
          <altitudeMode>relativeToGround</altitudeMode>
        </Polygon>
      </MultiGeometry>
    </Placemark>
    <Placemark>
      <Style><LineStyle><color>ff327D2E</color><width>2</width></LineStyle><PolyStyle><color>80327D2E</color></PolyStyle></Style><name>FACHES TH. APPT A13</name>
      <description>Restitué le 06.02.2025 — 576 jours</description><MultiGeometry>
        <Polygon>
          <tessellate>1</tessellate>
          <outerBoundaryIs>
            <LinearRing>
              <coordinates>3.0704426765441895,50.59323266987546,100 3.0709040164947514,50.592909151071574,100 3.0699598789215092,50.59257541355461,100 3.0695468187332158,50.59291936748885,100 3.0704426765441895,50.59323266987546,100 </coordinates>
            </LinearRing>
          </outerBoundaryIs>
          <altitudeMode>relativeToGround</altitudeMode>
        </Polygon>
      </MultiGeometry>
    </Placemark>
    <Placemark>
      <Style><LineStyle><color>ff327D2E</color><width>2</width></LineStyle><PolyStyle><color>80327D2E</color></PolyStyle></Style><name>FACHES TH. APPT A16</name>
      <description>Restitué le 14.10.2024 — 691 jours</description><MultiGeometry>
        <Polygon>
          <tessellate>1</tessellate>
          <outerBoundaryIs>
            <LinearRing>
              <coordinates>3.078060150146485,50.597087480745515,100 3.077352046966553,50.59661756486785,100 3.0776524543762207,50.59639282083317,100 3.078376650810242,50.59686614414122,100 3.0783981084823613,50.596889980440935,100 3.078060150146485,50.597087480745515,100 </coordinates>
            </LinearRing>
          </outerBoundaryIs>
          <altitudeMode>relativeToGround</altitudeMode>
        </Polygon>
      </MultiGeometry>
    </Placemark>
    <Placemark>
      <Style><LineStyle><color>ff327D2E</color><width>2</width></LineStyle><PolyStyle><color>80327D2E</color></PolyStyle></Style><name>FACHES TH. APPT A17</name>
      <description>Restitué le 17.06.2024 — 810 jours</description><MultiGeometry>
        <Polygon>
          <tessellate>1</tessellate>
          <outerBoundaryIs>
            <LinearRing>
              <coordinates>3.077850937843323,50.5970023514055,100 3.0775183439254765,50.59721347188616,100 3.0780172348022465,50.59749950457517,100 3.0783444643020634,50.59745183258106,100 3.0790257453918457,50.59701256693443,100 3.078698515892029,50.59673674687508,100 3.0784732103347783,50.596869549327636,100 3.078559041023255,50.59693424782263,100 3.0781137943267827,50.59718282542354,100 3.077850937843323,50.5970023514055,100 </coordinates>
            </LinearRing>
          </outerBoundaryIs>
          <altitudeMode>relativeToGround</altitudeMode>
        </Polygon>
      </MultiGeometry>
    </Placemark>
    <Placemark>
      <Style><LineStyle><color>ff327D2E</color><width>2</width></LineStyle><PolyStyle><color>80327D2E</color></PolyStyle></Style><name>FACHES TH. APPT A24</name>
      <description>Restitué le 19.02.2025 — 563 jours</description><MultiGeometry>
        <Polygon>
          <tessellate>1</tessellate>
          <outerBoundaryIs>
            <LinearRing>
              <coordinates>3.067760467529297,50.60246393789878,100 3.0679267644882207,50.60215410175834,100 3.067781925201416,50.60212005370641,100 3.067620992660523,50.60244010442192,100 3.067760467529297,50.60246393789878,100 </coordinates>
            </LinearRing>
          </outerBoundaryIs>
          <altitudeMode>relativeToGround</altitudeMode>
        </Polygon>
      </MultiGeometry>
    </Placemark>
    <Placemark>
      <Style><LineStyle><color>ff327D2E</color><width>2</width></LineStyle><PolyStyle><color>80327D2E</color></PolyStyle></Style><name>FACHES TH. APPT A27</name>
      <description>Restitué le 28.12.2024 — 616 jours</description><MultiGeometry>
        <Polygon>
          <tessellate>1</tessellate>
          <outerBoundaryIs>
            <LinearRing>
              <coordinates>3.0724436044692998,50.60531705833762,100 3.0719715356826782,50.60498681339277,100 3.071810603141785,50.60508214206843,100 3.072277307510376,50.605408981775874,100 3.0724436044692998,50.60531705833762,100 </coordinates>
            </LinearRing>
          </outerBoundaryIs>
          <altitudeMode>relativeToGround</altitudeMode>
        </Polygon>
      </MultiGeometry>
    </Placemark>
    <Placemark>
      <Style><LineStyle><color>ff327D2E</color><width>2</width></LineStyle><PolyStyle><color>80327D2E</color></PolyStyle></Style><name>FACHES TH. APPT A28</name>
      <description>Restitué le 14.04.2025 — 509 jours</description><MultiGeometry>
        <Polygon>
          <tessellate>1</tessellate>
          <outerBoundaryIs>
            <LinearRing>
              <coordinates>3.0705982446670537,50.605112783387426,100 3.0706948041915894,50.60505150072946,100 3.069718480110169,50.60442845584283,100 3.0696058273315434,50.60449995321606,100 3.0705982446670537,50.605112783387426,100 </coordinates>
            </LinearRing>
          </outerBoundaryIs>
          <altitudeMode>relativeToGround</altitudeMode>
        </Polygon>
      </MultiGeometry>
    </Placemark>
    <Placemark>
      <Style><LineStyle><color>ff327D2E</color><width>2</width></LineStyle><PolyStyle><color>80327D2E</color></PolyStyle></Style><name>FACHES TH. APPT A29</name>
      <description>Restitué le 18.05.2025 — 475 jours</description><MultiGeometry>
        <Polygon>
          <tessellate>1</tessellate>
          <outerBoundaryIs>
            <LinearRing>
              <coordinates>3.0706197023391724,50.604377386224,100 3.071016669273377,50.603761141787494,100 3.0708503723144536,50.60373049958832,100 3.0704802274703984,50.604339935134995,100 3.0706197023391724,50.604377386224,100 </coordinates>
            </LinearRing>
          </outerBoundaryIs>
          <altitudeMode>relativeToGround</altitudeMode>
        </Polygon>
      </MultiGeometry>
    </Placemark>
    <Placemark>
      <Style><LineStyle><color>ff327D2E</color><width>2</width></LineStyle><PolyStyle><color>80327D2E</color></PolyStyle></Style><name>FACHES TH. APPT A31</name>
      <description>Restitué le 15.07.2024 — 782 jours</description><MultiGeometry>
        <Polygon>
          <tessellate>1</tessellate>
          <outerBoundaryIs>
            <LinearRing>
              <coordinates>3.069466352462769,50.60415608390202,100 3.069337606430054,50.60411182331274,100 3.0690479278564453,50.60444888367482,100 3.069171309471131,50.60448973931225,100 3.069466352462769,50.60415608390202,100 </coordinates>
            </LinearRing>
          </outerBoundaryIs>
          <altitudeMode>relativeToGround</altitudeMode>
        </Polygon>
      </MultiGeometry>
    </Placemark>
    <Placemark>
      <Style><LineStyle><color>ff327D2E</color><width>2</width></LineStyle><PolyStyle><color>80327D2E</color></PolyStyle></Style><name>FACHES TH. APPT A33</name>
      <description>Restitué le 31.05.2024 — 827 jours</description><MultiGeometry>
        <Polygon>
          <tessellate>1</tessellate>
          <outerBoundaryIs>
            <LinearRing>
              <coordinates>3.0668430882117064,50.604176511852266,100 3.066719770431519,50.604067562681806,100 3.0664245234808316,50.604356958360974,100 3.066521286964417,50.60440121871968,100 3.066617846488953,50.604442074398484,100 3.0668430882117064,50.604176511852266,100 </coordinates>
            </LinearRing>
          </outerBoundaryIs>
          <altitudeMode>relativeToGround</altitudeMode>
        </Polygon>
      </MultiGeometry>
    </Placemark>
    <Placemark>
      <Style><LineStyle><color>ff327D2E</color><width>2</width></LineStyle><PolyStyle><color>80327D2E</color></PolyStyle></Style><name>FACHES TH. APPT A34</name>
      <description>Restitué le 29.04.2024 — 859 jours</description><MultiGeometry>
        <Polygon>
          <tessellate>1</tessellate>
          <outerBoundaryIs>
            <LinearRing>
              <coordinates>3.066371083259583,50.604819987745685,100 3.0661026206732216,50.604700826207086,100 3.0659365653991704,50.60487786609843,100 3.0660706758499146,50.60493574437995,100 3.066215515136719,50.60499021799165,100 3.066371083259583,50.604819987745685,100 </coordinates>
            </LinearRing>
          </outerBoundaryIs>
          <altitudeMode>relativeToGround</altitudeMode>
        </Polygon>
      </MultiGeometry>
    </Placemark>
    <Placemark>
      <Style><LineStyle><color>ff327D2E</color><width>2</width></LineStyle><PolyStyle><color>80327D2E</color></PolyStyle></Style><name>FACHES TH. APPT A36</name>
      <description>Restitué le 29.04.2024 — 859 jours</description><MultiGeometry>
        <Polygon>
          <tessellate>1</tessellate>
          <outerBoundaryIs>
            <LinearRing>
              <coordinates>3.0665264815562936,50.60537153150791,100 3.0667519569396977,50.6054600502751,100 3.067046999931336,50.60503447775475,100 3.0668056011199956,50.60495276739039,100 3.0665264815562936,50.60537153150791,100 </coordinates>
            </LinearRing>
          </outerBoundaryIs>
          <altitudeMode>relativeToGround</altitudeMode>
        </Polygon>
      </MultiGeometry>
    </Placemark>
    <Placemark>
      <Style><LineStyle><color>ff327D2E</color><width>2</width></LineStyle><PolyStyle><color>80327D2E</color></PolyStyle></Style><name>FACHES TH. APPT A42</name>
      <description>Restitué le 19.07.2025 — 413 jours</description><MultiGeometry>
        <Polygon>
          <tessellate>1</tessellate>
          <outerBoundaryIs>
            <LinearRing>
              <coordinates>3.05780413461306,50.601565066986794,100 3.057707068484366,50.60089430743089,100 3.056623093155709,50.6009794297316,100 3.056692853944174,50.60130289307005,100 3.0569404507349645,50.60128246387234,100 3.057009460599587,50.6016297590273,100 3.05780413461306,50.601565066986794,100 </coordinates>
            </LinearRing>
          </outerBoundaryIs>
          <altitudeMode>relativeToGround</altitudeMode>
        </Polygon>
      </MultiGeometry>
    </Placemark>
    <Placemark>
      <Style><LineStyle><color>ff327D2E</color><width>2</width></LineStyle><PolyStyle><color>80327D2E</color></PolyStyle></Style><name>FACHES TH. APPT A43</name>
      <description>Restitué le 18.05.2025 — 475 jours</description><MultiGeometry>
        <Polygon>
          <tessellate>1</tessellate>
          <outerBoundaryIs>
            <LinearRing>
              <coordinates>3.062766185361233,50.59914075378267,100 3.062501304257742,50.59948125474835,100 3.0634618566529253,50.599763868678984,100 3.063553082299402,50.59963107439282,100 3.0638535903113167,50.59970938901716,100 3.0637677308793525,50.59943698976212,100 3.062766185361233,50.59914075378267,100 </coordinates>
            </LinearRing>
          </outerBoundaryIs>
          <altitudeMode>relativeToGround</altitudeMode>
        </Polygon>
      </MultiGeometry>
    </Placemark>
    <Placemark>
      <Style><LineStyle><color>ff327D2E</color><width>2</width></LineStyle><PolyStyle><color>80327D2E</color></PolyStyle></Style><name>FACHES TH. APPT A45</name>
      <description>Restitué le 01.05.2025 — 492 jours</description><MultiGeometry>
        <Polygon>
          <tessellate>1</tessellate>
          <outerBoundaryIs>
            <LinearRing>
              <coordinates>3.061864991875716,50.60671631790359,100 3.061516288535554,50.60638948727696,100 3.061155807221754,50.60654268941586,100 3.061520709807622,50.606883136827484,100 3.061864991875716,50.60671631790359,100 </coordinates>
            </LinearRing>
          </outerBoundaryIs>
          <altitudeMode>relativeToGround</altitudeMode>
        </Polygon>
      </MultiGeometry>
    </Placemark>
    <Placemark>
      <Style><LineStyle><color>ff327D2E</color><width>2</width></LineStyle><PolyStyle><color>80327D2E</color></PolyStyle></Style><name>FACHES TH. APPT A46</name>
      <description>Restitué le 14.09.2024 — 721 jours</description><MultiGeometry>
        <Polygon>
          <tessellate>1</tessellate>
          <outerBoundaryIs>
            <LinearRing>
              <coordinates>3.0617675556745683,50.60829256290243,100 3.0612309342247332,50.60800319142797,100 3.0607372424908785,50.60839809793842,100 3.061269512730923,50.60867384965712,100 3.0617675556745683,50.60829256290243,100 </coordinates>
            </LinearRing>
          </outerBoundaryIs>
          <altitudeMode>relativeToGround</altitudeMode>
        </Polygon>
      </MultiGeometry>
    </Placemark>
    <Placemark>
      <Style><LineStyle><color>ff327D2E</color><width>2</width></LineStyle><PolyStyle><color>80327D2E</color></PolyStyle></Style><name>FACHES TH. APPT A47</name>
      <description>Restitué le 20.06.2025 — 442 jours</description><MultiGeometry>
        <Polygon>
          <tessellate>1</tessellate>
          <outerBoundaryIs>
            <LinearRing>
              <coordinates>3.064316511154175,50.6102840712464,100 3.0645149946212773,50.610386197607056,100 3.0646383762359624,50.610297688107295,100 3.064316511154175,50.610110455924506,100 3.0638122522664495,50.61046789853595,100 3.0639624631571354,50.61055981191139,100 3.064316511154175,50.6102840712464,100 </coordinates>
            </LinearRing>
          </outerBoundaryIs>
          <altitudeMode>relativeToGround</altitudeMode>
        </Polygon>
      </MultiGeometry>
    </Placemark>
    <Placemark>
      <Style><LineStyle><color>ffC06515</color><width>2</width></LineStyle><PolyStyle><color>80C06515</color></PolyStyle></Style><name>FACHES THUMESNIL 32</name>
      <description>Restitué le 26.08.2025 — 375 jours</description><MultiGeometry>
        <Polygon>
          <tessellate>1</tessellate>
          <outerBoundaryIs>
            <LinearRing>
              <coordinates>3.0650997161865234,50.59426450973238,100 3.0650031566619873,50.59441094061874,100 3.0661833286285405,50.594758286480825,100 3.066220879554749,50.59486385187223,100 3.06743860244751,50.595275895166786,100 3.0668592453002934,50.595960355807854,100 3.0672079324722294,50.59607272899178,100 3.068656325340271,50.59435986012872,100 3.0681842565536503,50.59414532146536,100 3.0650997161865234,50.59426450973238,100 </coordinates>
            </LinearRing>
          </outerBoundaryIs>
          <altitudeMode>relativeToGround</altitudeMode>
        </Polygon>
      </MultiGeometry>
    </Placemark>
    <Placemark>
      <Style><LineStyle><color>ffC06515</color><width>2</width></LineStyle><PolyStyle><color>80C06515</color></PolyStyle></Style><name>FACHES THUMESNIL 41</name>
      <description>Restitué le 19.07.2025 — 413 jours</description><MultiGeometry>
        <Polygon>
          <tessellate>1</tessellate>
          <outerBoundaryIs>
            <LinearRing>
              <coordinates>3.0721056461334233,50.59863340277402,100 3.0727332830429077,50.59899774264251,100 3.073210716247559,50.598990932577344,100 3.0735272169113164,50.598769604924094,100 3.0741494894027714,50.59722709252983,100 3.073709607124329,50.597009161758365,100 3.0737149715423584,50.59682868707445,100 3.073323369026184,50.59658691801723,100 3.0725723505020146,50.597104506595045,100 3.0731302499771123,50.59745864286889,100 3.0724811553955083,50.59791833501939,100 3.0728298425674443,50.59812945139146,100 3.0721056461334233,50.59863340277402,100 </coordinates>
            </LinearRing>
          </outerBoundaryIs>
          <altitudeMode>relativeToGround</altitudeMode>
        </Polygon>
      </MultiGeometry>
    </Placemark>
    <Placemark>
      <Style><LineStyle><color>ffC06515</color><width>2</width></LineStyle><PolyStyle><color>80C06515</color></PolyStyle></Style><name>FACHES THUMESNIL 51</name>
      <description>Restitué le 14.06.2025 — 448 jours</description><MultiGeometry>
        <Polygon>
          <tessellate>1</tessellate>
          <outerBoundaryIs>
            <LinearRing>
              <coordinates>3.067374132421872,50.599389319730385,100 3.0680072307586674,50.59851763063651,100 3.0674815177917485,50.59829630075751,100 3.0668807029724126,50.598051134138124,100 3.0662852525711064,50.597860448106765,100 3.0654162168502808,50.59917139897047,100 3.0657273530960087,50.59922247423911,100 3.0662530660629277,50.599314409582966,100 3.0666500329971313,50.59941996475633,100 3.0671113729476933,50.59953573467424,100 3.0672240293192448,50.59935526967816,100 3.067374132421872,50.599389319730385,100 </coordinates>
            </LinearRing>
          </outerBoundaryIs>
          <altitudeMode>relativeToGround</altitudeMode>
        </Polygon>
      </MultiGeometry>
    </Placemark>
    <Placemark>
      <Style><LineStyle><color>ffC06515</color><width>2</width></LineStyle><PolyStyle><color>80C06515</color></PolyStyle></Style><name>FACHES THUMESNIL 53</name>
      <description>Restitué le 23.07.2025 — 409 jours</description><MultiGeometry>
        <Polygon>
          <tessellate>1</tessellate>
          <outerBoundaryIs>
            <LinearRing>
              <coordinates>3.0628573876535907,50.59775488943581,100 3.062916331579051,50.597867258335484,100 3.063522577285767,50.5985925420521,100 3.065056800842285,50.59884451593866,100 3.0660170316696167,50.59741778112713,100 3.066145777702332,50.597448427436774,100 3.0662637948989873,50.59727135959449,100 3.0654484033584595,50.59706023937347,100 3.062798411391716,50.59764592539809,100 3.0628573876535907,50.59775488943581,100 </coordinates>
            </LinearRing>
          </outerBoundaryIs>
          <altitudeMode>relativeToGround</altitudeMode>
        </Polygon>
      </MultiGeometry>
    </Placemark>
    <Placemark>
      <Style><LineStyle><color>ffC06515</color><width>2</width></LineStyle><PolyStyle><color>80C06515</color></PolyStyle></Style><name>FACHES THUMESNIL 62</name>
      <description>Restitué le 21.07.2025 — 411 jours</description><MultiGeometry>
        <Polygon>
          <tessellate>1</tessellate>
          <outerBoundaryIs>
            <LinearRing>
              <coordinates>3.0705123960139074,50.602698867238885,100 3.0703085589075534,50.60306658037321,100 3.07145656412708,50.60345131418785,100 3.071864247322083,50.603230007510646,100 3.073731064796448,50.60383944953919,100 3.0739563703536987,50.603570478890674,100 3.0721163803588913,50.602957628632964,100 3.071858882904053,50.60222900738585,100 3.0709040290700123,50.60237541349537,100 3.0705123960139074,50.602698867238885,100 </coordinates>
            </LinearRing>
          </outerBoundaryIs>
          <altitudeMode>relativeToGround</altitudeMode>
        </Polygon>
      </MultiGeometry>
    </Placemark>
    <Placemark>
      <Style><LineStyle><color>ffC06515</color><width>2</width></LineStyle><PolyStyle><color>80C06515</color></PolyStyle></Style><name>FACHES THUMESNIL 64</name>
      <description>Restitué le 13.06.2025 — 449 jours</description><MultiGeometry>
        <Polygon>
          <tessellate>1</tessellate>
          <outerBoundaryIs>
            <LinearRing>
              <coordinates>3.0675619840621953,50.60422077238071,100 3.067620992660523,50.60416970253652,100 3.0677711963653564,50.60414927458329,100 3.068076968193054,50.604176511852266,100 3.0685007572174077,50.604224177035036,100 3.069101572036743,50.60293720015357,100 3.0688977241516118,50.60289974791834,100 3.0684792995452885,50.60347174244407,100 3.067122101783753,50.60322660278439,100 3.0669558048248295,50.603594311795035,100 3.066816329956055,50.60398925530972,100 3.0668109655380253,50.60404032534978,100 3.0668324232101445,50.604081181341904,100 3.066891431808472,50.60413565594291,100 3.0669611692428593,50.60418332116705,100 3.0674010515213013,50.604397814078204,100 3.0675619840621953,50.60422077238071,100 </coordinates>
            </LinearRing>
          </outerBoundaryIs>
          <altitudeMode>relativeToGround</altitudeMode>
        </Polygon>
      </MultiGeometry>
    </Placemark>
    <Placemark>
      <Style><LineStyle><color>ffC06515</color><width>2</width></LineStyle><PolyStyle><color>80C06515</color></PolyStyle></Style><name>FACHES THUMESNIL 76</name>
      <description>Restitué le 28.08.2025 — 373 jours</description><MultiGeometry>
        <Polygon>
          <tessellate>1</tessellate>
          <outerBoundaryIs>
            <LinearRing>
              <coordinates>3.055293671409141,50.601006668835296,100 3.0577236485814616,50.60086025846749,100 3.057692734136018,50.600380165461345,100 3.0571711153208363,50.60041421477206,100 3.0571131829701996,50.59950849471917,100 3.0557179672006423,50.59960383449294,100 3.05586755096078,50.60075130161913,100 3.055213014713019,50.60078875556422,100 3.0548643958068764,50.600812589877386,100 3.0550203593158636,50.60102028838122,100 3.055293671409141,50.601006668835296,100 </coordinates>
            </LinearRing>
          </outerBoundaryIs>
          <altitudeMode>relativeToGround</altitudeMode>
        </Polygon>
      </MultiGeometry>
    </Placemark>
    <Placemark>
      <Style><LineStyle><color>ffC06515</color><width>2</width></LineStyle><PolyStyle><color>80C06515</color></PolyStyle></Style><name>FACHES THUMESNIL 90</name>
      <description>Restitué le 02.09.2025 — 368 jours</description><MultiGeometry>
        <Polygon>
          <tessellate>1</tessellate>
          <outerBoundaryIs>
            <LinearRing>
              <coordinates>3.061954050981127,50.61164233370974,100 3.0642360448837285,50.610073009398526,100 3.0640751177322443,50.60996407388077,100 3.0617952310872503,50.611536805950955,100 3.061954050981127,50.61164233370974,100 </coordinates>
            </LinearRing>
          </outerBoundaryIs>
          <altitudeMode>relativeToGround</altitudeMode>
        </Polygon>
      </MultiGeometry>
    </Placemark>
    <Placemark>
      <Style><LineStyle><color>ffC06515</color><width>2</width></LineStyle><PolyStyle><color>80C06515</color></PolyStyle></Style><name>FACHES THUMESNIL 94</name>
      <description>Restitué le 20.07.2025 — 412 jours</description><MultiGeometry>
        <Polygon>
          <tessellate>1</tessellate>
          <outerBoundaryIs>
            <LinearRing>
              <coordinates>3.0684358029836156,50.605521332401,100 3.0682593584060673,50.60572901012301,100 3.068817257881165,50.605933282398,100 3.0691283941268925,50.606086486022264,100 3.0691283941268925,50.60608989054161,100 3.0690532922744755,50.60614776733232,100 3.0688333511352544,50.60631799277478,100 3.068634867668152,50.60650183556091,100 3.0684792995452885,50.606808238608274,100 3.068902663644986,50.607046550710095,100 3.069219270300359,50.606828665407164,100 3.0698846808981415,50.607250817265225,100 3.07068943977356,50.6066788686761,100 3.069611191749573,50.60604222724873,100 3.0684358029836156,50.605521332401,100 </coordinates>
            </LinearRing>
          </outerBoundaryIs>
          <altitudeMode>relativeToGround</altitudeMode>
        </Polygon>
      </MultiGeometry>
    </Placemark>
    <Placemark>
      <Style><LineStyle><color>ffC06515</color><width>2</width></LineStyle><PolyStyle><color>80C06515</color></PolyStyle></Style><name>FACHES THUMESNIL 101</name>
      <description>Restitué le 20.05.2025 — 473 jours</description><MultiGeometry>
        <Polygon>
          <tessellate>1</tessellate>
          <outerBoundaryIs>
            <LinearRing>
              <coordinates>3.0657702666437636,50.607689987355876,100 3.065743440960689,50.60779892813917,100 3.065743440960689,50.60790446428245,100 3.0657166170740573,50.60811213148606,100 3.065726706367218,50.60828915854247,100 3.0678409948795653,50.609337689758604,100 3.0682649258249133,50.60906194193067,100 3.068517137906333,50.60883385299985,100 3.06822717908378,50.6086840626527,100 3.068425912259856,50.60852405880057,100 3.0676209800851417,50.608139366461174,100 3.067443895006701,50.60828234982186,100 3.065802460337834,50.60749934037817,100 3.0657702666437636,50.607689987355876,100 </coordinates>
            </LinearRing>
          </outerBoundaryIs>
          <altitudeMode>relativeToGround</altitudeMode>
        </Polygon>
      </MultiGeometry>
    </Placemark>
    <Placemark>
      <Style><LineStyle><color>ffC06515</color><width>2</width></LineStyle><PolyStyle><color>80C06515</color></PolyStyle></Style><name>HAMEAU D'HAS 1</name>
      <description>Restitué le 04.12.2024 — 640 jours</description><MultiGeometry>
        <Polygon>
          <tessellate>1</tessellate>
          <outerBoundaryIs>
            <LinearRing>
              <coordinates>3.07726471408387,50.5438175255808,100 3.07453958972474,50.5435584391293,100 3.0729302643158,50.5443766020208,100 3.06962578280945,50.5477990962204,100 3.0700120209076,50.5484808383026,100 3.07638494952698,50.5498442928955,100 3.08142750247498,50.5515212879703,100 3.08164207919617,50.5515894572401,100 3.08215706332703,50.550866857965,100 3.0804404495575,50.5474582214828,100 3.07726471408387,50.5438175255808,100 3.07726471408387,50.5438175255808,100 3.07726471408387,50.5438175255808,100 </coordinates>
            </LinearRing>
          </outerBoundaryIs>
          <altitudeMode>relativeToGround</altitudeMode>
        </Polygon>
      </MultiGeometry>
    </Placemark>
    <Placemark>
      <Style><LineStyle><color>ffC06515</color><width>2</width></LineStyle><PolyStyle><color>80C06515</color></PolyStyle></Style><name>LESQUIN 2</name>
      <description>Restitué le 04.08.2025 — 397 jours</description><MultiGeometry>
        <Polygon>
          <tessellate>1</tessellate>
          <outerBoundaryIs>
            <LinearRing>
              <coordinates>3.118304014205933,50.591008858898306,100 3.1184113025665288,50.5910769710543,100 3.1199669837951665,50.5909884252323,100 3.1208896636962895,50.590947557873655,100 3.1212115287780766,50.59092712418105,100 3.121222257614136,50.59093393541289,100 3.121200799942017,50.59092712418105,100 3.1212329864501958,50.59093393541289,100 3.120975494384766,50.59081814433727,100 3.120203018188477,50.59043671289749,100 3.1198704242706303,50.590232373354944,100 3.1197953224182133,50.59006890108236,100 3.1191408634185795,50.589884994097204,100 3.1187546253204346,50.590429901593694,100 3.1182932853698735,50.590995236455285,100 3.118304014205933,50.591008858898306,100 </coordinates>
            </LinearRing>
          </outerBoundaryIs>
          <altitudeMode>relativeToGround</altitudeMode>
        </Polygon>
      </MultiGeometry>
    </Placemark>
    <Placemark>
      <Style><LineStyle><color>ffC06515</color><width>2</width></LineStyle><PolyStyle><color>80C06515</color></PolyStyle></Style><name>LESQUIN 6</name>
      <description>Restitué le 08.06.2025 — 454 jours</description><MultiGeometry>
        <Polygon>
          <tessellate>1</tessellate>
          <outerBoundaryIs>
            <LinearRing>
              <coordinates>3.121222257614136,50.592861474428304,100 3.12136173248291,50.59273887712385,100 3.1214261054992676,50.59260265752224,100 3.1215655803680424,50.59237108329486,100 3.1218123435974126,50.59211907475308,100 3.1221020221710205,50.591989664437065,100 3.1224668025970463,50.59188068705298,100 3.122928142547608,50.591764898305954,100 3.123153448104859,50.591683164901276,100 3.1232607364654545,50.59157418680764,100 3.123024702072144,50.59141753035608,100 3.1227993965148926,50.59126768456682,100 3.1226813793182373,50.59091350171436,100 3.1213188171386723,50.590961180330495,100 3.120256662368775,50.5909884252323,100 3.118690252304077,50.5910769710543,100 3.118175268173218,50.59108378226446,100 3.118325471878052,50.591213195070644,100 3.1187546253204346,50.59141753035608,100 3.119151592254639,50.591642298145715,100 3.1195378303527836,50.591860253765375,100 3.1199133396148686,50.59207139730963,100 3.1202352046966557,50.592248484713316,100 3.1205463409423833,50.5924528155052,100 3.120954036712647,50.592684389330515,100 3.121222257614136,50.592861474428304,100 </coordinates>
            </LinearRing>
          </outerBoundaryIs>
          <altitudeMode>relativeToGround</altitudeMode>
        </Polygon>
      </MultiGeometry>
    </Placemark>
    <Placemark>
      <Style><LineStyle><color>ffC06515</color><width>2</width></LineStyle><PolyStyle><color>80C06515</color></PolyStyle></Style><name>LESQUIN 7</name>
      <description>Restitué le 08.06.2025 — 454 jours</description><MultiGeometry>
        <Polygon>
          <tessellate>1</tessellate>
          <outerBoundaryIs>
            <LinearRing>
              <coordinates>3.1309211254119877,50.589939485130664,100 3.1311571598052983,50.58984412578071,100 3.1313395500183105,50.5896125379839,100 3.1313395500183105,50.589299211504375,100 3.131210803985596,50.58904037501374,100 3.130964040756226,50.58869298696088,100 3.1307601928710938,50.588345596344844,100 3.13036322593689,50.58794370988537,100 3.1298053264617924,50.5875554434378,100 3.129440546035767,50.587453267524715,100 3.129065036773682,50.587500949645076,100 3.1286466121673584,50.58762356059001,100 3.1280243396759033,50.58784834649314,100 3.127648830413819,50.58797095653342,100 3.127273321151734,50.58812081281569,100 3.126844167709351,50.588318349913635,100 3.126350641250611,50.588447770321515,100 3.125921487808228,50.58872704472645,100 3.12586784362793,50.58897225991128,100 3.1261360645294194,50.58904037501374,100 3.126447200775147,50.58901312898457,100 3.1266939640045166,50.589081244027916,100 3.126597404479981,50.58926515415271,100 3.126425743103028,50.58962616082702,100 3.126844167709351,50.590613806450264,100 3.1280243396759033,50.590389033750206,100 3.1280672550201416,50.590307297956855,100 3.1279492378234868,50.59009614650053,100 3.1278848648071294,50.58977601184109,100 3.1277346611022954,50.58966021791755,100 3.127219676971436,50.58972833202472,100 3.1270265579223637,50.589680652160034,100 3.126972913742066,50.58959210371183,100 3.1269621849060063,50.58946949789323,100 3.127031922340393,50.58939797768492,100 3.127090930938721,50.58932986309982,100 3.126989006996155,50.58918001066572,100 3.126892447471619,50.58907783827808,100 3.1267851591110234,50.5889620426374,100 3.126565217971802,50.58876110246739,100 3.127053380012512,50.58856356722704,100 3.127305507659912,50.588488639850105,100 3.1275308132171635,50.58832516152292,100 3.1279492378234868,50.58818211752098,100 3.1284803152084355,50.588025449782144,100 3.1287860870361333,50.587916463221596,100 3.1290006637573247,50.587821099774146,100 3.1292581558227544,50.58776660628889,100 3.1296765804290776,50.58796414487289,100 3.1300735473632812,50.588284291852425,100 3.130395412445069,50.58865892917068,100 3.130588531494141,50.588965448395605,100 3.1306850910186768,50.589237908253615,100 3.130787014961243,50.58935029748571,100 3.1308031082153325,50.589476309335964,100 3.1304812431335454,50.58963978366616,100 3.1300950050354004,50.589755577639984,100 3.1301486492156987,50.58996673062374,100 3.1306636333465576,50.5899462965054,100 3.1309211254119877,50.589939485130664,100 </coordinates>
            </LinearRing>
          </outerBoundaryIs>
          <altitudeMode>relativeToGround</altitudeMode>
        </Polygon>
      </MultiGeometry>
    </Placemark>
    <Placemark>
      <Style><LineStyle><color>ffC06515</color><width>2</width></LineStyle><PolyStyle><color>80C06515</color></PolyStyle></Style><name>LESQUIN 10</name>
      <description>Restitué le 29.08.2025 — 372 jours</description><MultiGeometry>
        <Polygon>
          <tessellate>1</tessellate>
          <outerBoundaryIs>
            <LinearRing>
              <coordinates>3.1231213011189856,50.585014603268974,100 3.1216829903583325,50.585266649840364,100 3.121104240417481,50.585757114977156,100 3.122348785400391,50.5860568411569,100 3.128592967987061,50.58459906408405,100 3.128850438494855,50.58352273242416,100 3.1257712661387242,50.58244637616254,100 3.1231213011189856,50.585014603268974,100 </coordinates>
            </LinearRing>
          </outerBoundaryIs>
          <altitudeMode>relativeToGround</altitudeMode>
        </Polygon>
      </MultiGeometry>
    </Placemark>
    <Placemark>
      <Style><LineStyle><color>ffC06515</color><width>2</width></LineStyle><PolyStyle><color>80C06515</color></PolyStyle></Style><name>LESQUIN 25</name>
      <description>Restitué le 07.05.2025 — 486 jours</description><MultiGeometry>
        <Polygon>
          <tessellate>1</tessellate>
          <outerBoundaryIs>
            <LinearRing>
              <coordinates>3.107988238334656,50.593372293093466,100 3.1059336662292485,50.59225870127397,100 3.104925155639649,50.593021531539684,100 3.1056654453277592,50.59378434944427,100 3.1065773963928227,50.594301968839694,100 3.1067544221878056,50.59426110435752,100 3.1079614162445073,50.5933484550124,100 3.107988238334656,50.593372293093466,100 </coordinates>
            </LinearRing>
          </outerBoundaryIs>
          <altitudeMode>relativeToGround</altitudeMode>
        </Polygon>
      </MultiGeometry>
    </Placemark>
    <Placemark>
      <Style><LineStyle><color>ffC06515</color><width>2</width></LineStyle><PolyStyle><color>80C06515</color></PolyStyle></Style><name>LESQUIN 27</name>
      <description>Restitué le 20.07.2025 — 412 jours</description><MultiGeometry>
        <Polygon>
          <tessellate>1</tessellate>
          <outerBoundaryIs>
            <LinearRing>
              <coordinates>3.106620311737061,50.594315590325884,100 3.1057029962539677,50.59381499811963,100 3.1049358844757085,50.59304196432326,100 3.1043350696563725,50.59344380726428,100 3.1051826477050786,50.59427132048139,100 3.105992674827576,50.59511244040715,100 3.1065559387207036,50.59538486469119,100 3.108422756195069,50.593981862779884,100 3.108696341514588,50.59374348451275,100 3.107945322990418,50.59335526589393,100 3.106620311737061,50.594315590325884,100 </coordinates>
            </LinearRing>
          </outerBoundaryIs>
          <altitudeMode>relativeToGround</altitudeMode>
        </Polygon>
      </MultiGeometry>
    </Placemark>
    <Placemark>
      <Style><LineStyle><color>ffC06515</color><width>2</width></LineStyle><PolyStyle><color>80C06515</color></PolyStyle></Style><name>LESQUIN 28</name>
      <description>Restitué le 28.08.2025 — 373 jours</description><MultiGeometry>
        <Polygon>
          <tessellate>1</tessellate>
          <outerBoundaryIs>
            <LinearRing>
              <coordinates>3.1088197231292725,50.5945335335686,100 3.108170628547669,50.594189591428346,100 3.1066095829010014,50.595398485864,100 3.1059604883193974,50.59506476599535,100 3.105193376541138,50.594301968839694,100 3.1043082475662236,50.59479574519519,100 3.10614287853241,50.595773066571766,100 3.1063896417617802,50.59557556075191,100 3.1069046258926396,50.59583095605159,100 3.1086587905883794,50.59444839960951,100 3.1088197231292725,50.5945335335686,100 </coordinates>
            </LinearRing>
          </outerBoundaryIs>
          <altitudeMode>relativeToGround</altitudeMode>
        </Polygon>
      </MultiGeometry>
    </Placemark>
    <Placemark>
      <Style><LineStyle><color>ffC06515</color><width>2</width></LineStyle><PolyStyle><color>80C06515</color></PolyStyle></Style><name>LESQUIN 31</name>
      <description>Restitué le 25.07.2025 — 407 jours</description><MultiGeometry>
        <Polygon>
          <tessellate>1</tessellate>
          <outerBoundaryIs>
            <LinearRing>
              <coordinates>3.1072103977203374,50.59294320578722,100 3.108444213867188,50.591996475515224,100 3.1058585643768315,50.590647862826366,100 3.1054186820983887,50.59068191917784,100 3.104270696640015,50.59137666336995,100 3.1072103977203374,50.59294320578722,100 </coordinates>
            </LinearRing>
          </outerBoundaryIs>
          <altitudeMode>relativeToGround</altitudeMode>
        </Polygon>
      </MultiGeometry>
    </Placemark>
    <Placemark>
      <Style><LineStyle><color>ffC06515</color><width>2</width></LineStyle><PolyStyle><color>80C06515</color></PolyStyle></Style><name>LESQUIN 34</name>
      <description>Restitué le 22.04.2025 — 501 jours</description><MultiGeometry>
        <Polygon>
          <tessellate>1</tessellate>
          <outerBoundaryIs>
            <LinearRing>
              <coordinates>3.1041419506073,50.59127109015824,100 3.104721307754517,50.59077727683085,100 3.104839324951172,50.59037541112785,100 3.104860782623291,50.589990570417235,100 3.1043297052383427,50.58959210371183,100 3.103718161582947,50.58924471972988,100 3.1027793884277344,50.5893639204047,100 3.1021785736083984,50.58972152061843,100 3.1019425392150883,50.59013360892477,100 3.1041419506073,50.59127109015824,100 </coordinates>
            </LinearRing>
          </outerBoundaryIs>
          <altitudeMode>relativeToGround</altitudeMode>
        </Polygon>
      </MultiGeometry>
    </Placemark>
    <Placemark>
      <Style><LineStyle><color>ffC06515</color><width>2</width></LineStyle><PolyStyle><color>80C06515</color></PolyStyle></Style><name>LESQUIN 37</name>
      <description>Restitué le 10.06.2025 — 452 jours</description><MultiGeometry>
        <Polygon>
          <tessellate>1</tessellate>
          <outerBoundaryIs>
            <LinearRing>
              <coordinates>3.101679682731629,50.590756843064305,100 3.1017601490020756,50.59013020325109,100 3.1012934446334843,50.58974536053609,100 3.101030588150025,50.589581886572475,100 3.1000435352325444,50.58835240795019,100 3.0986702442169194,50.588679363847746,100 3.0984449386596684,50.58904718651857,100 3.099131584167481,50.58985434286318,100 3.098375201225281,50.5900995521767,100 3.098756074905396,50.59044011854901,100 3.0996036529541016,50.5905116371742,100 3.1002044677734375,50.59027664699778,100 3.1009608507156377,50.5909679915574,100 3.101679682731629,50.590756843064305,100 </coordinates>
            </LinearRing>
          </outerBoundaryIs>
          <altitudeMode>relativeToGround</altitudeMode>
        </Polygon>
      </MultiGeometry>
    </Placemark>
    <Placemark>
      <Style><LineStyle><color>ffC06515</color><width>2</width></LineStyle><PolyStyle><color>80C06515</color></PolyStyle></Style><name>LESQUIN 38</name>
      <description>Restitué le 21.05.2025 — 472 jours</description><MultiGeometry>
        <Polygon>
          <tessellate>1</tessellate>
          <outerBoundaryIs>
            <LinearRing>
              <coordinates>3.106491565704346,50.5893809490479,100 3.1086909303883608,50.58772573613355,100 3.106942173225922,50.587770012133554,100 3.1050592607009846,50.587916463221596,100 3.1042063236236572,50.58793008655545,100 3.1033158302307133,50.58789262237783,100 3.102811574935913,50.58808675461161,100 3.1023931503295903,50.587957333211364,100 3.1020605564117436,50.58817190007566,100 3.102575540542603,50.58865211760968,100 3.1026828289031987,50.58878834864238,100 3.1027579307556157,50.588965448395605,100 3.102865219116211,50.5893230516359,100 3.1036806106567387,50.5892583426794,100 3.104860782623291,50.58998035336436,100 3.1049787998199467,50.5885295093432,100 3.105096817016602,50.588515886182776,100 3.106491565704346,50.5893809490479,100 </coordinates>
            </LinearRing>
          </outerBoundaryIs>
          <altitudeMode>relativeToGround</altitudeMode>
        </Polygon>
      </MultiGeometry>
    </Placemark>
    <Placemark>
      <Style><LineStyle><color>ffC06515</color><width>2</width></LineStyle><PolyStyle><color>80C06515</color></PolyStyle></Style><name>LESQUIN 41</name>
      <description>Restitué le 02.08.2025 — 399 jours</description><MultiGeometry>
        <Polygon>
          <tessellate>1</tessellate>
          <outerBoundaryIs>
            <LinearRing>
              <coordinates>3.1006156614309215,50.58537904855209,100 3.1024455405748523,50.58688789013107,100 3.1021128352759413,50.587020720369814,100 3.1021879622789204,50.58709565008278,100 3.1024294419313536,50.58730000323933,100 3.1032880362510755,50.58690151376252,100 3.103502684831026,50.58677890093735,100 3.1039856441358538,50.58645193184252,100 3.104468603440722,50.58607046502884,100 3.1050427883920277,50.58550166502254,100 3.1038836860603918,50.58492945209537,100 3.1023757797863865,50.58438107484853,100 3.1006156614309215,50.58537904855209,100 </coordinates>
            </LinearRing>
          </outerBoundaryIs>
          <altitudeMode>relativeToGround</altitudeMode>
        </Polygon>
      </MultiGeometry>
    </Placemark>
    <Placemark>
      <Style><LineStyle><color>ffC06515</color><width>2</width></LineStyle><PolyStyle><color>80C06515</color></PolyStyle></Style><name>LESQUIN 43</name>
      <description>Restitué le 20.06.2025 — 442 jours</description><MultiGeometry>
        <Polygon>
          <tessellate>1</tessellate>
          <outerBoundaryIs>
            <LinearRing>
              <coordinates>3.0984127521514897,50.58283809094064,100 3.0982089042663574,50.582783591688376,100 3.09790849685669,50.5827563420386,100 3.0977690219879155,50.58277337307154,100 3.0977475643157963,50.582800622711474,100 3.097527623176575,50.58307311824353,100 3.0972594022750854,50.58374753790466,100 3.0974203348159794,50.584534348635074,100 3.097870945930481,50.58519512324776,100 3.098198175430298,50.58528027394092,100 3.098305463790894,50.58531774019715,100 3.0983698368072514,50.58540289066858,100 3.0995500087738037,50.584977136771556,100 3.1003385782241826,50.5841664907092,100 3.1007462739944462,50.58371007039911,100 3.0984127521514897,50.58283809094064,100 </coordinates>
            </LinearRing>
          </outerBoundaryIs>
          <altitudeMode>relativeToGround</altitudeMode>
        </Polygon>
      </MultiGeometry>
    </Placemark>
    <Placemark>
      <Style><LineStyle><color>ff327D2E</color><width>2</width></LineStyle><PolyStyle><color>80327D2E</color></PolyStyle></Style><name>LESQUIN APPT 6</name>
      <description>Restitué le 10.03.2025 — 544 jours</description><MultiGeometry>
        <Polygon>
          <tessellate>1</tessellate>
          <outerBoundaryIs>
            <LinearRing>
              <coordinates>3.1091093963134724,50.59364132202872,100 3.1093317447204387,50.59350510503848,100 3.1090235746073307,50.59329396792462,100 3.10878975705609,50.593423374655124,100 3.1091093963134724,50.59364132202872,100 </coordinates>
            </LinearRing>
          </outerBoundaryIs>
          <altitudeMode>relativeToGround</altitudeMode>
        </Polygon>
      </MultiGeometry>
    </Placemark>
    <Placemark>
      <Style><LineStyle><color>ff327D2E</color><width>2</width></LineStyle><PolyStyle><color>80327D2E</color></PolyStyle></Style><name>LESQUIN APPT 10</name>
      <description>Restitué le 24.02.2025 — 558 jours</description><MultiGeometry>
        <Polygon>
          <tessellate>1</tessellate>
          <outerBoundaryIs>
            <LinearRing>
              <coordinates>3.12003136040445,50.59081473871311,100 3.1203424930572514,50.59053547669178,100 3.1198493311184454,50.59030389229572,100 3.1195270889414632,50.590620617727474,100 3.12003136040445,50.59081473871311,100 </coordinates>
            </LinearRing>
          </outerBoundaryIs>
          <altitudeMode>relativeToGround</altitudeMode>
        </Polygon>
      </MultiGeometry>
    </Placemark>
    <Placemark>
      <Style><LineStyle><color>ff327D2E</color><width>2</width></LineStyle><PolyStyle><color>80327D2E</color></PolyStyle></Style><name>LESQUIN APPT 11</name>
      <description>Restitué le 31.08.2024 — 735 jours</description><MultiGeometry>
        <Polygon>
          <tessellate>1</tessellate>
          <outerBoundaryIs>
            <LinearRing>
              <coordinates>3.120712654069533,50.59264011795198,100 3.1203144852978997,50.59292617843248,100 3.120030075929484,50.592752499062335,100 3.1196290326451814,50.59303174793258,100 3.119681271987074,50.593161155383925,100 3.1201052029324616,50.59348126702467,100 3.1205141418589437,50.593695808714465,100 3.121146248545138,50.59307942440341,100 3.1210764877566315,50.59285125799846,100 3.120712654069533,50.59264011795198,100 </coordinates>
            </LinearRing>
          </outerBoundaryIs>
          <altitudeMode>relativeToGround</altitudeMode>
        </Polygon>
      </MultiGeometry>
    </Placemark>
    <Placemark>
      <Style><LineStyle><color>ff327D2E</color><width>2</width></LineStyle><PolyStyle><color>80327D2E</color></PolyStyle></Style><name>LESQUIN APPT 12</name>
      <description>Restitué le 31.05.2024 — 827 jours</description><MultiGeometry>
        <Polygon>
          <tessellate>1</tessellate>
          <outerBoundaryIs>
            <LinearRing>
              <coordinates>3.1208135432462263,50.59440412988995,100 3.1215540808469875,50.59361407866221,100 3.120979895895682,50.593351860453296,100 3.1206793878837673,50.59359024070357,100 3.1205774298083044,50.593787754853636,100 3.1204701055183297,50.594250888231436,100 3.1208135432462263,50.59440412988995,100 </coordinates>
            </LinearRing>
          </outerBoundaryIs>
          <altitudeMode>relativeToGround</altitudeMode>
        </Polygon>
      </MultiGeometry>
    </Placemark>
    <Placemark>
      <Style><LineStyle><color>ff327D2E</color><width>2</width></LineStyle><PolyStyle><color>80327D2E</color></PolyStyle></Style><name>LESQUIN APPT 15</name>
      <description>Restitué le 24.04.2024 — 864 jours</description><MultiGeometry>
        <Polygon>
          <tessellate>1</tessellate>
          <outerBoundaryIs>
            <LinearRing>
              <coordinates>3.0885136565156084,50.59173765385348,100 3.0894098143368387,50.59149926422194,100 3.088937587460996,50.59072959802847,100 3.0880540501571563,50.5909713971705,100 3.0885136565156084,50.59173765385348,100 </coordinates>
            </LinearRing>
          </outerBoundaryIs>
          <altitudeMode>relativeToGround</altitudeMode>
        </Polygon>
      </MultiGeometry>
    </Placemark>
    <Placemark>
      <Style><LineStyle><color>ff327D2E</color><width>2</width></LineStyle><PolyStyle><color>80327D2E</color></PolyStyle></Style><name>LESQUIN APPT 17</name>
      <description>Restitué le 26.05.2025 — 467 jours</description><MultiGeometry>
        <Polygon>
          <tessellate>1</tessellate>
          <outerBoundaryIs>
            <LinearRing>
              <coordinates>3.0988687276840214,50.58682998965329,100 3.099308609962464,50.58732384438316,100 3.099850416183472,50.58714673845505,100 3.09939980506897,50.58664266409041,100 3.0988687276840214,50.58682998965329,100 </coordinates>
            </LinearRing>
          </outerBoundaryIs>
          <altitudeMode>relativeToGround</altitudeMode>
        </Polygon>
      </MultiGeometry>
    </Placemark>
    <Placemark>
      <Style><LineStyle><color>ffC06515</color><width>2</width></LineStyle><PolyStyle><color>80C06515</color></PolyStyle></Style><name>RONCHIN 9</name>
      <description>Restitué le 16.04.2025 — 507 jours</description><MultiGeometry>
        <Polygon>
          <tessellate>1</tessellate>
          <outerBoundaryIs>
            <LinearRing>
              <coordinates>3.097795844078064,50.59352213218382,100 3.0974954366683964,50.59392397102599,100 3.0979406833648686,50.59407040297164,100 3.0980908870697026,50.594346238655355,100 3.098182082176209,50.59474466512275,100 3.0981767177581787,50.594914931815346,100 3.0980211496353154,50.595153304150266,100 3.0978816747665405,50.59535762233374,100 3.0978655815124516,50.59540529644895,100 3.0983376502990727,50.59556193963034,100 3.0987614393234257,50.595698150668696,100 3.098675608634949,50.59581052447861,100 3.098455667495728,50.59609316045095,100 3.0983912944793706,50.59628385364219,100 3.0987238883972172,50.59634855294225,100 3.0992871522903447,50.595912682254834,100 3.099576830863953,50.595493833963346,100 3.099727034568787,50.595245247442584,100 3.0989223718643193,50.59427813122941,100 3.09840738773346,50.59378094403468,100 3.0978870391845708,50.59351872675524,100 3.097795844078064,50.59352213218382,100 </coordinates>
            </LinearRing>
          </outerBoundaryIs>
          <altitudeMode>relativeToGround</altitudeMode>
        </Polygon>
      </MultiGeometry>
    </Placemark>
    <Placemark>
      <Style><LineStyle><color>ffC06515</color><width>2</width></LineStyle><PolyStyle><color>80C06515</color></PolyStyle></Style><name>RONCHIN 12</name>
      <description>Restitué le 01.09.2025 — 369 jours</description><MultiGeometry>
        <Polygon>
          <tessellate>1</tessellate>
          <outerBoundaryIs>
            <LinearRing>
              <coordinates>3.086841702461243,50.596368984281675,100 3.0878716707229614,50.59668226370922,100 3.0880057811737065,50.596559676355454,100 3.0882793664932255,50.596396226053805,100 3.0887353420257573,50.59627704318437,100 3.0891859531402592,50.5962736379551,100 3.089936971664429,50.596420062591484,100 3.0905646085739136,50.59650859819716,100 3.091117143630982,50.59650519298464,100 3.09166431427002,50.59640303649438,100 3.092039823532105,50.5963008797824,100 3.0911225080490117,50.59556875019162,100 3.0902159214019775,50.595245247442584,100 3.0901247262954716,50.59523503153008,100 3.090012073516846,50.59536102762929,100 3.089711666107178,50.595401891156605,100 3.089513182640076,50.595439349358806,100 3.088944554328919,50.595289516371125,100 3.0887353420257573,50.595425728197824,100 3.088214993476868,50.595309948170254,100 3.0876570940017705,50.59601483980931,100 3.0872547626495366,50.59593992429103,100 3.0868899822235107,50.596287258870696,100 3.0868363380432133,50.596334932044364,100 3.086841702461243,50.596368984281675,100 </coordinates>
            </LinearRing>
          </outerBoundaryIs>
          <altitudeMode>relativeToGround</altitudeMode>
        </Polygon>
      </MultiGeometry>
    </Placemark>
    <Placemark>
      <Style><LineStyle><color>ffC06515</color><width>2</width></LineStyle><PolyStyle><color>80C06515</color></PolyStyle></Style><name>RONCHIN 15</name>
      <description>Restitué le 03.08.2025 — 398 jours</description><MultiGeometry>
        <Polygon>
          <tessellate>1</tessellate>
          <outerBoundaryIs>
            <LinearRing>
              <coordinates>3.0913800001144414,50.59903519798313,100 3.09141755104065,50.59899774264251,100 3.09090256690979,50.59876619987515,100 3.089582920074463,50.59799665249369,100 3.089566826820374,50.59773786382154,100 3.088966012001038,50.59751312513607,100 3.0882418155670166,50.59703980833408,100 3.089003562927246,50.596651616900715,100 3.089389801025391,50.59691722191153,100 3.089491724967957,50.596896790810035,100 3.0897331237792973,50.596661832505774,100 3.0898886919021606,50.59643708868243,100 3.0898243188858037,50.59642346781017,100 3.089196681976319,50.59631790591645,100 3.088713884353638,50.59631109546356,100 3.0882257223129277,50.596464330415124,100 3.0880004167556763,50.59659032322383,100 3.0878555774688725,50.59669247930761,100 3.0875766277313232,50.59715558410666,100 3.087630271911621,50.59749269429327,100 3.087962865829468,50.597788940645856,100 3.0881667137146,50.59787747367668,100 3.088966012001038,50.59807837493668,100 3.08916985988617,50.59814988195788,100 3.089786767959595,50.59853125090277,100 3.090720176696778,50.59908286837353,100 3.0913800001144414,50.59903519798313,100 </coordinates>
            </LinearRing>
          </outerBoundaryIs>
          <altitudeMode>relativeToGround</altitudeMode>
        </Polygon>
      </MultiGeometry>
    </Placemark>
    <Placemark>
      <Style><LineStyle><color>ffC06515</color><width>2</width></LineStyle><PolyStyle><color>80C06515</color></PolyStyle></Style><name>RONCHIN 24</name>
      <description>Restitué le 17.04.2025 — 506 jours</description><MultiGeometry>
        <Polygon>
          <tessellate>1</tessellate>
          <outerBoundaryIs>
            <LinearRing>
              <coordinates>3.093091249465943,50.600771731047416,100 3.0947166681289677,50.60138120491245,100 3.095306754112244,50.601561662140085,100 3.0955159664154053,50.601674021951155,100 3.0954837799072266,50.60170807032577,100 3.095532059669495,50.60175914284152,100 3.095709085464478,50.60185447805598,100 3.0961006879806523,50.602007694960285,100 3.0964010953903203,50.60210643447874,100 3.096427917480469,50.60202471902998,100 3.0967444181442265,50.601667212273284,100 3.0970716476440434,50.60133013198653,100 3.0974954366683964,50.60090792700936,100 3.097527623176575,50.60082620947949,100 3.096980452537537,50.6006423445185,100 3.0961811542510986,50.600284827260246,100 3.09565544128418,50.599998811498175,100 3.094271421432495,50.59901136276981,100 3.0937027931213383,50.599498279731954,100 3.094131946563721,50.59971619897833,100 3.0929464101791386,50.60073768199534,100 3.093091249465943,50.600771731047416,100 </coordinates>
            </LinearRing>
          </outerBoundaryIs>
          <altitudeMode>relativeToGround</altitudeMode>
        </Polygon>
      </MultiGeometry>
    </Placemark>
    <Placemark>
      <Style><LineStyle><color>ffC06515</color><width>2</width></LineStyle><PolyStyle><color>80C06515</color></PolyStyle></Style><name>RONCHIN 25</name>
      <description>Restitué le 07.06.2025 — 455 jours</description><MultiGeometry>
        <Polygon>
          <tessellate>1</tessellate>
          <outerBoundaryIs>
            <LinearRing>
              <coordinates>3.0963689088821416,50.60210643447874,100 3.0956500768661503,50.60184426357796,100 3.095510601997376,50.60198726606854,100 3.094947338104248,50.601827239442976,100 3.0938690900802612,50.60288953366721,100 3.093633055686951,50.602882724165205,100 3.0928659439086914,50.60363176347748,100 3.094432353973389,50.604067562681806,100 3.0946040153503422,50.60387349634709,100 3.0956983566284184,50.60310743721078,100 3.0960524082183842,50.60279420054961,100 3.0963152647018437,50.60241627093303,100 3.0963689088821416,50.60210643447874,100 </coordinates>
            </LinearRing>
          </outerBoundaryIs>
          <altitudeMode>relativeToGround</altitudeMode>
        </Polygon>
      </MultiGeometry>
    </Placemark>
    <Placemark>
      <Style><LineStyle><color>ffC06515</color><width>2</width></LineStyle><PolyStyle><color>80C06515</color></PolyStyle></Style><name>RONCHIN 27</name>
      <description>Restitué le 07.06.2025 — 455 jours</description><MultiGeometry>
        <Polygon>
          <tessellate>1</tessellate>
          <outerBoundaryIs>
            <LinearRing>
              <coordinates>3.0914014577865605,50.600128199796295,100 3.0918788909912114,50.60036995066331,100 3.09241533279419,50.600465288691964,100 3.093885183334351,50.59934164965038,100 3.0941426753997803,50.59908627339957,100 3.0940783023834233,50.59901136276981,100 3.0938047170639043,50.599007957738344,100 3.0923080444335938,50.59906243821211,100 3.0913156270980835,50.59909989350125,100 3.091090321540833,50.599130538715634,100 3.09165358543396,50.599372294707365,100 3.0920559167861943,50.59953232968071,100 3.091540932655335,50.59996476188688,100 3.091363906860352,50.6001179849436,100 3.0914014577865605,50.600128199796295,100 </coordinates>
            </LinearRing>
          </outerBoundaryIs>
          <altitudeMode>relativeToGround</altitudeMode>
        </Polygon>
      </MultiGeometry>
    </Placemark>
    <Placemark>
      <Style><LineStyle><color>ffC06515</color><width>2</width></LineStyle><PolyStyle><color>80C06515</color></PolyStyle></Style><name>RONCHIN 33</name>
      <description>Restitué le 07.08.2025 — 394 jours</description><MultiGeometry>
        <Polygon>
          <tessellate>1</tessellate>
          <outerBoundaryIs>
            <LinearRing>
              <coordinates>3.087147474288941,50.60140844378361,100 3.0898082256317143,50.60261715281883,100 3.0909347534179688,50.60169104614155,100 3.0904304981231694,50.60144249235039,100 3.090183734893799,50.60133013198653,100 3.0899262428283696,50.601231390839274,100 3.0894327163696294,50.600969215063635,100 3.0893039703369145,50.6009147367971,100 3.089202046394348,50.600856853569816,100 3.0887031555175786,50.60098283462042,100 3.0881613492965703,50.60110541045407,100 3.0876517295837402,50.60122798596844,100 3.0872333049774174,50.60134715630133,100 3.087147474288941,50.60140844378361,100 </coordinates>
            </LinearRing>
          </outerBoundaryIs>
          <altitudeMode>relativeToGround</altitudeMode>
        </Polygon>
      </MultiGeometry>
    </Placemark>
    <Placemark>
      <Style><LineStyle><color>ffC06515</color><width>2</width></LineStyle><PolyStyle><color>80C06515</color></PolyStyle></Style><name>RONCHIN 36</name>
      <description>Restitué le 16.05.2025 — 477 jours</description><MultiGeometry>
        <Polygon>
          <tessellate>1</tessellate>
          <outerBoundaryIs>
            <LinearRing>
              <coordinates>3.0911707878112797,50.60457145048063,100 3.091251254081726,50.604666779997736,100 3.091358542442322,50.604748490858725,100 3.0915462970733643,50.60492553057073,100 3.0919378995895386,50.605112783387426,100 3.0923241376876835,50.60526939426192,100 3.0925172567367554,50.60527279884034,100 3.0927532911300664,50.6050991650259,100 3.093536496162415,50.60546685940414,100 3.093708157539368,50.60531705833762,100 3.094008564949036,50.60483701079801,100 3.094233870506287,50.60438419550973,100 3.0943733453750615,50.60409479999806,100 3.093756437301636,50.60391775716056,100 3.092710375785828,50.60361133529073,100 3.092367053031922,50.60352621775058,100 3.0916106700897217,50.604125441960015,100 3.091213703155518,50.60448293004179,100 3.0911493301391606,50.6045408088091,100 3.0911707878112797,50.60457145048063,100 </coordinates>
            </LinearRing>
          </outerBoundaryIs>
          <altitudeMode>relativeToGround</altitudeMode>
        </Polygon>
      </MultiGeometry>
    </Placemark>
    <Placemark>
      <Style><LineStyle><color>ffC06515</color><width>2</width></LineStyle><PolyStyle><color>80C06515</color></PolyStyle></Style><name>RONCHIN 37</name>
      <description>Restitué le 27.07.2025 — 405 jours</description><MultiGeometry>
        <Polygon>
          <tessellate>1</tessellate>
          <outerBoundaryIs>
            <LinearRing>
              <coordinates>3.0941641330718994,50.6046701846198,100 3.094362616539002,50.604700826207086,100 3.0947488546371464,50.604728063156784,100 3.09489369392395,50.60480296468724,100 3.0950707197189335,50.60486084306086,100 3.0954515933990483,50.605037882350196,100 3.09589684009552,50.60524215762551,100 3.096358180046082,50.60541919548016,100 3.0968570709228516,50.60495276739039,100 3.0971896648406987,50.60457825973826,100 3.0967658758163457,50.604442074398484,100 3.0961972475051884,50.60421055841631,100 3.0960470438003544,50.60420374910547,100 3.094872236251831,50.60381221207513,100 3.0944806337356567,50.60405734868415,100 3.094174861907959,50.60463954301257,100 3.0941641330718994,50.6046701846198,100 </coordinates>
            </LinearRing>
          </outerBoundaryIs>
          <altitudeMode>relativeToGround</altitudeMode>
        </Polygon>
      </MultiGeometry>
    </Placemark>
    <Placemark>
      <Style><LineStyle><color>ffC06515</color><width>2</width></LineStyle><PolyStyle><color>80C06515</color></PolyStyle></Style><name>RONCHIN 38</name>
      <description>Restitué le 07.05.2025 — 486 jours</description><MultiGeometry>
        <Polygon>
          <tessellate>1</tessellate>
          <outerBoundaryIs>
            <LinearRing>
              <coordinates>3.09341311454773,50.605626873652945,100 3.0938959121704106,50.60579710097986,100 3.094335794448853,50.60582093275651,100 3.0947756767272954,50.60603201367969,100 3.0955427885055546,50.606382678281456,100 3.0959290266036987,50.60589242801393,100 3.096781969070435,50.60621926209317,100 3.0976724624633794,50.605494095910466,100 3.096680045127869,50.605153638448414,100 3.0963742733001713,50.60543962288208,100 3.095784187316895,50.605218325555754,100 3.0948239564895634,50.60479615546209,100 3.094711303710938,50.60474168162575,100 3.094308972358704,50.60470423082665,100 3.0941265821456914,50.60468720772629,100 3.0938959121704106,50.60515704303524,100 3.0937242507934575,50.6053919589305,100 3.0936384201049805,50.6054600502751,100 3.09341311454773,50.605626873652945,100 </coordinates>
            </LinearRing>
          </outerBoundaryIs>
          <altitudeMode>relativeToGround</altitudeMode>
        </Polygon>
      </MultiGeometry>
    </Placemark>
    <Placemark>
      <Style><LineStyle><color>ffC06515</color><width>2</width></LineStyle><PolyStyle><color>80C06515</color></PolyStyle></Style><name>RONCHIN 46</name>
      <description>Restitué le 24.07.2025 — 408 jours</description><MultiGeometry>
        <Polygon>
          <tessellate>1</tessellate>
          <outerBoundaryIs>
            <LinearRing>
              <coordinates>3.0864557266474524,50.603641977567506,100 3.0865576847229153,50.60344790947765,100 3.086573783366413,50.603189150779485,100 3.086471825290951,50.602957628632964,100 3.085747386333688,50.60184766840421,100 3.083364787096423,50.60258991464727,100 3.0832574628064884,50.602739724395704,100 3.0840248314797325,50.60370666675294,100 3.0841214233406826,50.603778165222856,100 3.084255578703141,50.60379178396671,100 3.0843790016366146,50.60379178396671,100 3.0855917661132186,50.60304615194114,100 3.0864557266474524,50.603641977567506,100 </coordinates>
            </LinearRing>
          </outerBoundaryIs>
          <altitudeMode>relativeToGround</altitudeMode>
        </Polygon>
      </MultiGeometry>
    </Placemark>
    <Placemark>
      <Style><LineStyle><color>ffC06515</color><width>2</width></LineStyle><PolyStyle><color>80C06515</color></PolyStyle></Style><name>RONCHIN 49</name>
      <description>Restitué le 05.06.2025 — 457 jours</description><MultiGeometry>
        <Polygon>
          <tessellate>1</tessellate>
          <outerBoundaryIs>
            <LinearRing>
              <coordinates>3.0881345272064213,50.60755040660867,100 3.087120652198792,50.608646614991414,100 3.0866324901580815,50.60942279678652,100 3.086643218994141,50.609507903660486,100 3.086696863174439,50.609593010380465,100 3.086932897567749,50.60949428657099,100 3.08716893196106,50.60941939250836,100 3.08742105960846,50.609381945432325,100 3.0890840291976933,50.607952125688904,100 3.0881345272064213,50.60755040660867,100 </coordinates>
            </LinearRing>
          </outerBoundaryIs>
          <altitudeMode>relativeToGround</altitudeMode>
        </Polygon>
      </MultiGeometry>
    </Placemark>
    <Placemark>
      <Style><LineStyle><color>ffC06515</color><width>2</width></LineStyle><PolyStyle><color>80C06515</color></PolyStyle></Style><name>RONCHIN 61</name>
      <description>Restitué le 29.06.2025 — 433 jours</description><MultiGeometry>
        <Polygon>
          <tessellate>1</tessellate>
          <outerBoundaryIs>
            <LinearRing>
              <coordinates>3.0785483265589386,50.60790786867022,100 3.0781298588373844,50.60757423749727,100 3.0779206752777104,50.607386994475995,100 3.0776879447530185,50.60760147278374,100 3.077500127245592,50.60789425111764,100 3.0785519052872528,50.60816660142053,100 3.0786216660757186,50.60819043199701,100 3.0817401373219915,50.61077767993582,100 3.0818587976543514,50.610651725107246,100 3.0785483265589386,50.60790786867022,100 </coordinates>
            </LinearRing>
          </outerBoundaryIs>
          <altitudeMode>relativeToGround</altitudeMode>
        </Polygon>
      </MultiGeometry>
    </Placemark>
    <Placemark>
      <Style><LineStyle><color>ffC06515</color><width>2</width></LineStyle><PolyStyle><color>80C06515</color></PolyStyle></Style><name>RONCHIN 64</name>
      <description>Restitué le 06.05.2025 — 487 jours</description><MultiGeometry>
        <Polygon>
          <tessellate>1</tessellate>
          <outerBoundaryIs>
            <LinearRing>
              <coordinates>3.0782894619915573,50.609535137827606,100 3.076904978650986,50.61016832776966,100 3.078144574200073,50.61124064613775,100 3.0785470402874497,50.61117256315849,100 3.0790085347343066,50.61112830916914,100 3.080022749274498,50.61105001354755,100 3.0782894619915573,50.609535137827606,100 </coordinates>
            </LinearRing>
          </outerBoundaryIs>
          <altitudeMode>relativeToGround</altitudeMode>
        </Polygon>
      </MultiGeometry>
    </Placemark>
    <Placemark>
      <Style><LineStyle><color>ffC06515</color><width>2</width></LineStyle><PolyStyle><color>80C06515</color></PolyStyle></Style><name>RONCHIN 69</name>
      <description>Restitué le 24.04.2025 — 499 jours</description><MultiGeometry>
        <Polygon>
          <tessellate>1</tessellate>
          <outerBoundaryIs>
            <LinearRing>
              <coordinates>3.0763918161392216,50.61285418390684,100 3.076326306341755,50.6133273416614,100 3.0766063928604126,50.61363029628562,100 3.0781875173942734,50.61336138160411,100 3.0788487195968632,50.6133681895897,100 3.078305581293411,50.612942688596895,100 3.077693795634198,50.61250016348157,100 3.077850937843323,50.61242867826473,100 3.0777865648269658,50.612364001070134,100 3.0786395072937016,50.612023593317275,100 3.078698515892029,50.61208827097987,100 3.079052567481995,50.611945299185706,100 3.0797231197357178,50.61270440635976,100 3.079964518547058,50.612527395916565,100 3.079401254653931,50.61219379750162,100 3.0789506435394287,50.61184998441487,100 3.0763918161392216,50.61285418390684,100 </coordinates>
            </LinearRing>
          </outerBoundaryIs>
          <altitudeMode>relativeToGround</altitudeMode>
        </Polygon>
      </MultiGeometry>
    </Placemark>
    <Placemark>
      <Style><LineStyle><color>ffC06515</color><width>2</width></LineStyle><PolyStyle><color>80C06515</color></PolyStyle></Style><name>RONCHIN 72</name>
      <description>Restitué le 15.05.2025 — 478 jours</description><MultiGeometry>
        <Polygon>
          <tessellate>1</tessellate>
          <outerBoundaryIs>
            <LinearRing>
              <coordinates>3.0737829394550564,50.606597161167265,100 3.073020936996325,50.605885618946495,100 3.0713681429308353,50.60681504754223,100 3.0720603846011008,50.607421038717106,100 3.0737829394550564,50.606597161167265,100 </coordinates>
            </LinearRing>
          </outerBoundaryIs>
          <altitudeMode>relativeToGround</altitudeMode>
        </Polygon>
      </MultiGeometry>
    </Placemark>
    <Placemark>
      <Style><LineStyle><color>ffC06515</color><width>2</width></LineStyle><PolyStyle><color>80C06515</color></PolyStyle></Style><name>RONCHIN 73</name>
      <description>Restitué le 16.04.2025 — 507 jours</description><MultiGeometry>
        <Polygon>
          <tessellate>1</tessellate>
          <outerBoundaryIs>
            <LinearRing>
              <coordinates>3.0745679140090947,50.60597413674657,100 3.0749005079269414,50.605599637223506,100 3.075007796287537,50.605490691348024,100 3.075285479514549,50.60560985088639,100 3.0753874375900523,50.605500905034596,100 3.0743088284758673,50.60504469154032,100 3.0730960639992633,50.605865191738204,100 3.074346391977376,50.60699207947896,100 3.0757040442454646,50.60805766148854,100 3.0745679140090947,50.60597413674657,100 </coordinates>
            </LinearRing>
          </outerBoundaryIs>
          <altitudeMode>relativeToGround</altitudeMode>
        </Polygon>
      </MultiGeometry>
    </Placemark>
    <Placemark>
      <Style><LineStyle><color>ffC06515</color><width>2</width></LineStyle><PolyStyle><color>80C06515</color></PolyStyle></Style><name>RONCHIN 74</name>
      <description>Restitué le 25.05.2025 — 468 jours</description><MultiGeometry>
        <Polygon>
          <tessellate>1</tessellate>
          <outerBoundaryIs>
            <LinearRing>
              <coordinates>3.075436951526403,50.605531546080904,100 3.075313568115235,50.60565751461727,100 3.0750507116317753,50.605528141521184,100 3.0746322870254517,50.60600137295927,100 3.07575234017592,50.60810532273981,100 3.07587039689488,50.60822107129192,100 3.076917349459283,50.60656992529944,100 3.0762031021937912,50.60601839558417,100 3.075848932036909,50.60574943739041,100 3.075436951526403,50.605531546080904,100 </coordinates>
            </LinearRing>
          </outerBoundaryIs>
          <altitudeMode>relativeToGround</altitudeMode>
        </Polygon>
      </MultiGeometry>
    </Placemark>
    <Placemark>
      <Style><LineStyle><color>ffC06515</color><width>2</width></LineStyle><PolyStyle><color>80C06515</color></PolyStyle></Style><name>RONCHIN 75</name>
      <description>Restitué le 24.04.2025 — 499 jours</description><MultiGeometry>
        <Polygon>
          <tessellate>1</tessellate>
          <outerBoundaryIs>
            <LinearRing>
              <coordinates>3.07817816734314,50.605133210922375,100 3.078575134277344,50.60458847362284,100 3.0779957771301274,50.60430248401617,100 3.0768034122056913,50.60348195656885,100 3.074394139985164,50.6050106455798,100 3.075537143673302,50.605514523279844,100 3.0759342435461656,50.605718796485974,100 3.076964556729856,50.606505240050204,100 3.0773842694041114,50.605854978130736,100 3.0777275562286377,50.60507873747619,100 3.07817816734314,50.605133210922375,100 </coordinates>
            </LinearRing>
          </outerBoundaryIs>
          <altitudeMode>relativeToGround</altitudeMode>
        </Polygon>
      </MultiGeometry>
    </Placemark>
    <Placemark>
      <Style><LineStyle><color>ffC06515</color><width>2</width></LineStyle><PolyStyle><color>80C06515</color></PolyStyle></Style><name>RONCHIN 80</name>
      <description>Restitué le 10.06.2025 — 452 jours</description><MultiGeometry>
        <Polygon>
          <tessellate>1</tessellate>
          <outerBoundaryIs>
            <LinearRing>
              <coordinates>3.094384072414638,50.598973907410205,100 3.095650075069667,50.59988644768749,100 3.096034072971463,50.60015884434114,100 3.0962165242644173,50.600260992679786,100 3.09659215927927,50.600424429560476,100 3.0975688103179526,50.60081599477827,100 3.0978602170944214,50.600560626527475,100 3.098153727698284,50.60036995066331,100 3.0994308867488796,50.599620859432214,100 3.099382590818385,50.599559569621995,100 3.0990189331853384,50.59972641391825,100 3.098133804210424,50.59890921171888,100 3.094933998999308,50.598834300807326,100 3.094931241257233,50.598973907410205,100 3.094384072414638,50.598973907410205,100 </coordinates>
            </LinearRing>
          </outerBoundaryIs>
          <altitudeMode>relativeToGround</altitudeMode>
        </Polygon>
      </MultiGeometry>
    </Placemark>
    <Placemark>
      <Style><LineStyle><color>ffC06515</color><width>2</width></LineStyle><PolyStyle><color>80C06515</color></PolyStyle></Style><name>RONCHIN 82</name>
      <description>Restitué le 27.02.2025 — 555 jours</description><MultiGeometry>
        <Polygon>
          <tessellate>1</tessellate>
          <outerBoundaryIs>
            <LinearRing>
              <coordinates>3.0804153200872353,50.602167720972204,100 3.080731632121801,50.6019430034393,100 3.079449543398534,50.6016569977546,100 3.0782452873228743,50.604275246820116,100 3.0800537016087945,50.603778165222856,100 3.078956004364533,50.602920176413996,100 3.0804153200872353,50.602167720972204,100 </coordinates>
            </LinearRing>
          </outerBoundaryIs>
          <altitudeMode>relativeToGround</altitudeMode>
        </Polygon>
      </MultiGeometry>
    </Placemark>
    <Placemark>
      <Style><LineStyle><color>ffC06515</color><width>2</width></LineStyle><PolyStyle><color>80C06515</color></PolyStyle></Style><name>RONCHIN 83</name>
      <description>Restitué le 27.02.2025 — 555 jours</description><MultiGeometry>
        <Polygon>
          <tessellate>1</tessellate>
          <outerBoundaryIs>
            <LinearRing>
              <coordinates>3.077319864051301,50.606243093655976,100 3.0766418868301764,50.607342736925744,100 3.077623904083371,50.60758785514246,100 3.077883124351502,50.607312097058866,100 3.078709237542197,50.60739720775093,100 3.0805170518076435,50.60854788919603,100 3.0806719139183785,50.60810872711308,100 3.077319864051301,50.606243093655976,100 </coordinates>
            </LinearRing>
          </outerBoundaryIs>
          <altitudeMode>relativeToGround</altitudeMode>
        </Polygon>
      </MultiGeometry>
    </Placemark>
    <Placemark>
      <Style><LineStyle><color>ffC06515</color><width>2</width></LineStyle><PolyStyle><color>80C06515</color></PolyStyle></Style><name>RONCHIN 84</name>
      <description>Restitué le 16.07.2025 — 416 jours</description><MultiGeometry>
        <Polygon>
          <tessellate>1</tessellate>
          <outerBoundaryIs>
            <LinearRing>
              <coordinates>3.099629452853639,50.600274612441524,100 3.09768318591003,50.60108498117061,100 3.0979015317852103,50.60128246387234,100 3.09825033572758,50.601585496061844,100 3.098513280238025,50.60183745392471,100 3.098819154464412,50.601994075700105,100 3.099425536702714,50.6022902937197,100 3.0998602000770874,50.60147654089253,100 3.10027339859345,50.600598080624316,100 3.1003646242399263,50.60041761970177,100 3.100376125557465,50.6002507778559,100 3.099629452853639,50.600274612441524,100 </coordinates>
            </LinearRing>
          </outerBoundaryIs>
          <altitudeMode>relativeToGround</altitudeMode>
        </Polygon>
      </MultiGeometry>
    </Placemark>
    <Placemark>
      <Style><LineStyle><color>ffC06515</color><width>2</width></LineStyle><PolyStyle><color>80C06515</color></PolyStyle></Style><name>RONCHIN 85</name>
      <description>Restitué le 12.06.2025 — 450 jours</description><MultiGeometry>
        <Polygon>
          <tessellate>1</tessellate>
          <outerBoundaryIs>
            <LinearRing>
              <coordinates>3.0805151511439766,50.60398585063842,100 3.0836704852689594,50.60648481311091,100 3.0846095728061718,50.60603882272595,100 3.0808156591558515,50.60382923549199,100 3.0805151511439766,50.60398585063842,100 </coordinates>
            </LinearRing>
          </outerBoundaryIs>
          <altitudeMode>relativeToGround</altitudeMode>
        </Polygon>
      </MultiGeometry>
    </Placemark>
    <Placemark>
      <Style><LineStyle><color>ff327D2E</color><width>2</width></LineStyle><PolyStyle><color>80327D2E</color></PolyStyle></Style><name>RONCHIN APPT 1</name>
      <description>Restitué le 26.02.2024 — 922 jours</description><MultiGeometry>
        <Polygon>
          <tessellate>1</tessellate>
          <outerBoundaryIs>
            <LinearRing>
              <coordinates>3.098852638022858,50.59327012980389,100 3.098635492351694,50.5930181260749,100 3.0977554331740014,50.59334504957126,100 3.097862757463937,50.593460834431774,100 3.098098870901858,50.593562997307494,100 3.098852638022858,50.59327012980389,100 </coordinates>
            </LinearRing>
          </outerBoundaryIs>
          <altitudeMode>relativeToGround</altitudeMode>
        </Polygon>
      </MultiGeometry>
    </Placemark>
    <Placemark>
      <Style><LineStyle><color>ff327D2E</color><width>2</width></LineStyle><PolyStyle><color>80327D2E</color></PolyStyle></Style><name>RONCHIN APPT 2</name>
      <description>Restitué le 03.04.2024 — 885 jours</description><MultiGeometry>
        <Polygon>
          <tessellate>1</tessellate>
          <outerBoundaryIs>
            <LinearRing>
              <coordinates>3.077017550588557,50.60846278058543,100 3.077346682548523,50.60854788919603,100 3.077532707180382,50.60825511492953,100 3.0772125756907047,50.60817681452621,100 3.077017550588557,50.60846278058543,100 </coordinates>
            </LinearRing>
          </outerBoundaryIs>
          <altitudeMode>relativeToGround</altitudeMode>
        </Polygon>
      </MultiGeometry>
    </Placemark>
    <Placemark>
      <Style><LineStyle><color>ff327D2E</color><width>2</width></LineStyle><PolyStyle><color>80327D2E</color></PolyStyle></Style><name>RONCHIN APPT 4</name>
      <description>Restitué le 15.06.2024 — 812 jours</description><MultiGeometry>
        <Polygon>
          <tessellate>1</tessellate>
          <outerBoundaryIs>
            <LinearRing>
              <coordinates>3.0760645974182226,50.61057683288714,100 3.076309018052635,50.610437260704245,100 3.0759411996353108,50.61016832776966,100 3.0756972695998197,50.610307900750385,100 3.0760645974182226,50.61057683288714,100 </coordinates>
            </LinearRing>
          </outerBoundaryIs>
          <altitudeMode>relativeToGround</altitudeMode>
        </Polygon>
      </MultiGeometry>
    </Placemark>
    <Placemark>
      <Style><LineStyle><color>ff327D2E</color><width>2</width></LineStyle><PolyStyle><color>80327D2E</color></PolyStyle></Style><name>RONCHIN APPT 5</name>
      <description>Restitué le 22.02.2024 — 926 jours</description><MultiGeometry>
        <Polygon>
          <tessellate>1</tessellate>
          <outerBoundaryIs>
            <LinearRing>
              <coordinates>3.0758958195362722,50.61004237130965,100 3.0756246989715534,50.60983811687391,100 3.0754718885909242,50.60987896783201,100 3.0754718885909242,50.61002535014055,100 3.0756650723128636,50.61015811509628,100 3.0758958195362722,50.61004237130965,100 </coordinates>
            </LinearRing>
          </outerBoundaryIs>
          <altitudeMode>relativeToGround</altitudeMode>
        </Polygon>
      </MultiGeometry>
    </Placemark>
    <Placemark>
      <Style><LineStyle><color>ff327D2E</color><width>2</width></LineStyle><PolyStyle><color>80327D2E</color></PolyStyle></Style><name>RONCHIN APPT 6</name>
      <description>Restitué le 12.02.2024 — 936 jours</description><MultiGeometry>
        <Polygon>
          <tessellate>1</tessellate>
          <outerBoundaryIs>
            <LinearRing>
              <coordinates>3.0759280311949726,50.6085206544574,100 3.076128959655762,50.608564910899645,100 3.076228539206847,50.608391289233566,100 3.076029989270435,50.608347032628,100 3.0759280311949726,50.6085206544574,100 </coordinates>
            </LinearRing>
          </outerBoundaryIs>
          <altitudeMode>relativeToGround</altitudeMode>
        </Polygon>
      </MultiGeometry>
    </Placemark>
    <Placemark>
      <Style><LineStyle><color>ff327D2E</color><width>2</width></LineStyle><PolyStyle><color>80327D2E</color></PolyStyle></Style><name>RONCHIN APPT 7</name>
      <description>Restitué le 26.03.2024 — 893 jours</description><MultiGeometry>
        <Polygon>
          <tessellate>1</tessellate>
          <outerBoundaryIs>
            <LinearRing>
              <coordinates>3.0721002781224676,50.6064882176014,100 3.0724382256795257,50.60673334026985,100 3.073310703597039,50.60621585758319,100 3.072985407097382,50.60594349598846,100 3.0721002781224676,50.6064882176014,100 </coordinates>
            </LinearRing>
          </outerBoundaryIs>
          <altitudeMode>relativeToGround</altitudeMode>
        </Polygon>
      </MultiGeometry>
    </Placemark>
    <Placemark>
      <Style><LineStyle><color>ff327D2E</color><width>2</width></LineStyle><PolyStyle><color>80327D2E</color></PolyStyle></Style><name>RONCHIN APPT 8</name>
      <description>Restitué le 01.06.2024 — 826 jours</description><MultiGeometry>
        <Polygon>
          <tessellate>1</tessellate>
          <outerBoundaryIs>
            <LinearRing>
              <coordinates>3.0745937642097942,50.60867725398924,100 3.0750498924421388,50.60885087460004,100 3.0752377099496053,50.60862959331732,100 3.0747869479317345,50.60845256754183,100 3.0745937642097942,50.60867725398924,100 </coordinates>
            </LinearRing>
          </outerBoundaryIs>
          <altitudeMode>relativeToGround</altitudeMode>
        </Polygon>
      </MultiGeometry>
    </Placemark>
    <Placemark>
      <Style><LineStyle><color>ff327D2E</color><width>2</width></LineStyle><PolyStyle><color>80327D2E</color></PolyStyle></Style><name>RONCHIN APPT 9</name>
      <description>Restitué le 30.03.2024 — 889 jours</description><MultiGeometry>
        <Polygon>
          <tessellate>1</tessellate>
          <outerBoundaryIs>
            <LinearRing>
              <coordinates>3.076058740767818,50.607812545719376,100 3.0758870219038896,50.60773084017918,100 3.075720669254434,50.607877229171365,100 3.0758816556893773,50.60796574322474,100 3.076058740767818,50.607812545719376,100 </coordinates>
            </LinearRing>
          </outerBoundaryIs>
          <altitudeMode>relativeToGround</altitudeMode>
        </Polygon>
      </MultiGeometry>
    </Placemark>
    <Placemark>
      <Style><LineStyle><color>ff327D2E</color><width>2</width></LineStyle><PolyStyle><color>80327D2E</color></PolyStyle></Style><name>RONCHIN APPT 10</name>
      <description>Restitué le 05.07.2024 — 792 jours</description><MultiGeometry>
        <Polygon>
          <tessellate>1</tessellate>
          <outerBoundaryIs>
            <LinearRing>
              <coordinates>3.075318203167057,50.60776828856937,100 3.075500654460011,50.60767977414453,100 3.0751679491611,50.60737678119887,100 3.0749863440048264,50.607468700613296,100 3.075318203167057,50.60776828856937,100 </coordinates>
            </LinearRing>
          </outerBoundaryIs>
          <altitudeMode>relativeToGround</altitudeMode>
        </Polygon>
      </MultiGeometry>
    </Placemark>
    <Placemark>
      <Style><LineStyle><color>ff327D2E</color><width>2</width></LineStyle><PolyStyle><color>80327D2E</color></PolyStyle></Style><name>RONCHIN APPT 11</name>
      <description>Restitué le 18.07.2024 — 779 jours</description><MultiGeometry>
        <Polygon>
          <tessellate>1</tessellate>
          <outerBoundaryIs>
            <LinearRing>
              <coordinates>3.0758816556893773,50.60719294183129,100 3.076026543480822,50.607097617432004,100 3.0752538085930636,50.60656652081485,100 3.075119653230605,50.60666525076783,100 3.0758816556893773,50.60719294183129,100 </coordinates>
            </LinearRing>
          </outerBoundaryIs>
          <altitudeMode>relativeToGround</altitudeMode>
        </Polygon>
      </MultiGeometry>
    </Placemark>
    <Placemark>
      <Style><LineStyle><color>ff327D2E</color><width>2</width></LineStyle><PolyStyle><color>80327D2E</color></PolyStyle></Style><name>RONCHIN APPT 12</name>
      <description>Restitué le 19.01.2025 — 594 jours</description><MultiGeometry>
        <Polygon>
          <tessellate>1</tessellate>
          <outerBoundaryIs>
            <LinearRing>
              <coordinates>3.0767348837946256,50.606682273152565,100 3.076600728432166,50.606641419418835,100 3.0765309676436607,50.60677078945396,100 3.076638291933636,50.60683887880326,100 3.0767348837946256,50.606682273152565,100 </coordinates>
            </LinearRing>
          </outerBoundaryIs>
          <altitudeMode>relativeToGround</altitudeMode>
        </Polygon>
      </MultiGeometry>
    </Placemark>
    <Placemark>
      <Style><LineStyle><color>ff327D2E</color><width>2</width></LineStyle><PolyStyle><color>80327D2E</color></PolyStyle></Style><name>RONCHIN APPT 13</name>
      <description>Restitué le 28.08.2024 — 738 jours</description><MultiGeometry>
        <Polygon>
          <tessellate>1</tessellate>
          <outerBoundaryIs>
            <LinearRing>
              <coordinates>3.073112689008233,50.60586178720263,100 3.0733488024461546,50.606093295060674,100 3.0738585928235063,50.60582774183331,100 3.073537947543859,50.605589423558406,100 3.073112689008233,50.60586178720263,100 </coordinates>
            </LinearRing>
          </outerBoundaryIs>
          <altitudeMode>relativeToGround</altitudeMode>
        </Polygon>
      </MultiGeometry>
    </Placemark>
    <Placemark>
      <Style><LineStyle><color>ff327D2E</color><width>2</width></LineStyle><PolyStyle><color>80327D2E</color></PolyStyle></Style><name>RONCHIN APPT 14</name>
      <description>Restitué le 17.06.2024 — 810 jours</description><MultiGeometry>
        <Polygon>
          <tessellate>1</tessellate>
          <outerBoundaryIs>
            <LinearRing>
              <coordinates>3.076080902655583,50.604666779997736,100 3.075045338231411,50.60467358924161,100 3.075044526227586,50.604758704706384,100 3.0750391600131137,50.60504469154032,100 3.0760648668885087,50.60504469154032,100 3.076080902655583,50.604666779997736,100 </coordinates>
            </LinearRing>
          </outerBoundaryIs>
          <altitudeMode>relativeToGround</altitudeMode>
        </Polygon>
      </MultiGeometry>
    </Placemark>
    <Placemark>
      <Style><LineStyle><color>ff327D2E</color><width>2</width></LineStyle><PolyStyle><color>80327D2E</color></PolyStyle></Style><name>RONCHIN APPT 15</name>
      <description>Restitué le 15.07.2023 — 1148 jours</description><MultiGeometry>
        <Polygon>
          <tessellate>1</tessellate>
          <outerBoundaryIs>
            <LinearRing>
              <coordinates>3.086325039912699,50.589115301512635,100 3.0865343082137064,50.58915276471737,100 3.0866324887222305,50.58895182536133,100 3.0864216252824015,50.58891436199668,100 3.086325039912699,50.589115301512635,100 </coordinates>
            </LinearRing>
          </outerBoundaryIs>
          <altitudeMode>relativeToGround</altitudeMode>
        </Polygon>
      </MultiGeometry>
    </Placemark>
    <Placemark>
      <Style><LineStyle><color>ff327D2E</color><width>2</width></LineStyle><PolyStyle><color>80327D2E</color></PolyStyle></Style><name>RONCHIN APPT 17</name>
      <description>Restitué le 24.11.2023 — 1016 jours</description><MultiGeometry>
        <Polygon>
          <tessellate>1</tessellate>
          <outerBoundaryIs>
            <LinearRing>
              <coordinates>3.0860102162307754,50.59138688011983,100 3.0861003072564945,50.5912029782831,100 3.085370551129927,50.59105313181091,100 3.0852806539428728,50.59123022304496,100 3.0860102162307754,50.59138688011983,100 </coordinates>
            </LinearRing>
          </outerBoundaryIs>
          <altitudeMode>relativeToGround</altitudeMode>
        </Polygon>
      </MultiGeometry>
    </Placemark>
    <Placemark>
      <Style><LineStyle><color>ff327D2E</color><width>2</width></LineStyle><PolyStyle><color>80327D2E</color></PolyStyle></Style><name>RONCHIN APPT 18</name>
      <description>Restitué le 21.02.2024 — 927 jours</description><MultiGeometry>
        <Polygon>
          <tessellate>1</tessellate>
          <outerBoundaryIs>
            <LinearRing>
              <coordinates>3.0844154291406682,50.59250730356656,100 3.0845832824707036,50.592541358572916,100 3.084678355980409,50.59234043367942,100 3.084517380364251,50.592309784043984,100 3.0844154291406682,50.59250730356656,100 </coordinates>
            </LinearRing>
          </outerBoundaryIs>
          <altitudeMode>relativeToGround</altitudeMode>
        </Polygon>
      </MultiGeometry>
    </Placemark>
    <Placemark>
      <Style><LineStyle><color>ff327D2E</color><width>2</width></LineStyle><PolyStyle><color>80327D2E</color></PolyStyle></Style><name>RONCHIN APPT 19</name>
      <description>Restitué le 01.07.2025 — 431 jours</description><MultiGeometry>
        <Polygon>
          <tessellate>1</tessellate>
          <outerBoundaryIs>
            <LinearRing>
              <coordinates>3.0932433807814474,50.59761868434924,100 3.0939624535242376,50.59778213040581,100 3.0945235275222602,50.59691041154536,100 3.0952503450038193,50.597090885915904,100 3.095427430082261,50.596913816728545,100 3.0949391045629198,50.59643027824679,100 3.094751287055493,50.596661832505774,100 3.0943917506840983,50.59657670239589,100 3.0942714142466037,50.59675377285147,100 3.093912009017426,50.59665502210263,100 3.0932433807814474,50.59761868434924,100 </coordinates>
            </LinearRing>
          </outerBoundaryIs>
          <altitudeMode>relativeToGround</altitudeMode>
        </Polygon>
      </MultiGeometry>
    </Placemark>
    <Placemark>
      <Style><LineStyle><color>ff327D2E</color><width>2</width></LineStyle><PolyStyle><color>80327D2E</color></PolyStyle></Style><name>RONCHIN APPT 24</name>
      <description>Restitué le 16.04.2025 — 507 jours</description><MultiGeometry>
        <Polygon>
          <tessellate>1</tessellate>
          <outerBoundaryIs>
            <LinearRing>
              <coordinates>3.0928445113871343,50.601823834615274,100 3.0916160381006783,50.601262034665766,100 3.0899447722567213,50.60262055758916,100 3.0907711692894457,50.60299508082211,100 3.0912326637363035,50.60314488928072,100 3.0928445113871343,50.601823834615274,100 </coordinates>
            </LinearRing>
          </outerBoundaryIs>
          <altitudeMode>relativeToGround</altitudeMode>
        </Polygon>
      </MultiGeometry>
    </Placemark>
    <Placemark>
      <Style><LineStyle><color>ff327D2E</color><width>2</width></LineStyle><PolyStyle><color>80327D2E</color></PolyStyle></Style><name>RONCHIN APPT 25</name>
      <description>Restitué le 14.09.2024 — 721 jours</description><MultiGeometry>
        <Polygon>
          <tessellate>1</tessellate>
          <outerBoundaryIs>
            <LinearRing>
              <coordinates>3.0927952202130315,50.60361133529073,100 3.093519659170294,50.60294741439437,100 3.09353039159928,50.602882724165205,100 3.0932406160163914,50.60274653391836,100 3.0923820216966296,50.60349557539843,100 3.092597724803685,50.60355345538018,100 3.0927952202130315,50.60361133529073,100 </coordinates>
            </LinearRing>
          </outerBoundaryIs>
          <altitudeMode>relativeToGround</altitudeMode>
        </Polygon>
      </MultiGeometry>
    </Placemark>
    <Placemark>
      <Style><LineStyle><color>ff327D2E</color><width>2</width></LineStyle><PolyStyle><color>80327D2E</color></PolyStyle></Style><name>RONCHIN APPT 27</name>
      <description>Restitué le 11.07.2024 — 786 jours</description><MultiGeometry>
        <Polygon>
          <tessellate>1</tessellate>
          <outerBoundaryIs>
            <LinearRing>
              <coordinates>3.0997649968862766,50.603563669487215,100 3.0993732632278848,50.60333555390191,100 3.0988098107055655,50.603750927723326,100 3.0992391078654262,50.60397904129506,100 3.0997649968862766,50.603563669487215,100 </coordinates>
            </LinearRing>
          </outerBoundaryIs>
          <altitudeMode>relativeToGround</altitudeMode>
        </Polygon>
      </MultiGeometry>
    </Placemark>
    <Placemark>
      <Style><LineStyle><color>ff327D2E</color><width>2</width></LineStyle><PolyStyle><color>80327D2E</color></PolyStyle></Style><name>RONCHIN APPT 28</name>
      <description>Restitué le 21.09.2024 — 714 jours</description><MultiGeometry>
        <Polygon>
          <tessellate>1</tessellate>
          <outerBoundaryIs>
            <LinearRing>
              <coordinates>3.0964906359493276,50.60613414927031,100 3.0962187051773076,50.60601839558417,100 3.0957286334905953,50.606430341229434,100 3.0959773117553757,50.60654268941586,100 3.0964906359493276,50.60613414927031,100 </coordinates>
            </LinearRing>
          </outerBoundaryIs>
          <altitudeMode>relativeToGround</altitudeMode>
        </Polygon>
      </MultiGeometry>
    </Placemark>
    <Placemark>
      <Style><LineStyle><color>ff327D2E</color><width>2</width></LineStyle><PolyStyle><color>80327D2E</color></PolyStyle></Style><name>RONCHIN APPT 29</name>
      <description>Restitué le 08.04.2024 — 880 jours</description><MultiGeometry>
        <Polygon>
          <tessellate>1</tessellate>
          <outerBoundaryIs>
            <LinearRing>
              <coordinates>3.093080524222809,50.60618521698249,100 3.094548463320446,50.60644395920571,100 3.0947220325469975,50.60603541820294,100 3.0932337407683796,50.60576986464895,100 3.093080524222809,50.60618521698249,100 </coordinates>
            </LinearRing>
          </outerBoundaryIs>
          <altitudeMode>relativeToGround</altitudeMode>
        </Polygon>
      </MultiGeometry>
    </Placemark>
    <Placemark>
      <Style><LineStyle><color>ff327D2E</color><width>2</width></LineStyle><PolyStyle><color>80327D2E</color></PolyStyle></Style><name>RONCHIN APPT 30</name>
      <description>Restitué le 31.08.2023 — 1101 jours</description><MultiGeometry>
        <Polygon>
          <tessellate>1</tessellate>
          <outerBoundaryIs>
            <LinearRing>
              <coordinates>3.0942499655568594,50.60698186611609,100 3.094019299174505,50.607162301866886,100 3.0923777836644644,50.606379273783304,100 3.092139537818413,50.60654949838824,100 3.094114304753788,50.60753678895263,100 3.094604031518569,50.60715889742517,100 3.0942499655568594,50.60698186611609,100 </coordinates>
            </LinearRing>
          </outerBoundaryIs>
          <altitudeMode>relativeToGround</altitudeMode>
        </Polygon>
      </MultiGeometry>
    </Placemark>
    <Placemark>
      <Style><LineStyle><color>ff327D2E</color><width>2</width></LineStyle><PolyStyle><color>80327D2E</color></PolyStyle></Style><name>RONCHIN APPT 31</name>
      <description>Restitué le 03.05.2024 — 855 jours</description><MultiGeometry>
        <Polygon>
          <tessellate>1</tessellate>
          <outerBoundaryIs>
            <LinearRing>
              <coordinates>3.090857217350723,50.609021090263155,100 3.0910182037856657,50.60910619786379,100 3.0911255280756404,50.60912321936543,100 3.0912972469396087,50.60905513332187,100 3.092365123624768,50.60835724569451,100 3.092703195138152,50.60826873237765,100 3.0928373505006106,50.608207453829976,100 3.092907111289077,50.60813255771889,100 3.092896378860091,50.60803723522322,100 3.092821251857112,50.60796574322474,100 3.09266026542217,50.60784658965254,100 3.0925905046336637,50.607812545719376,100 3.090857217350723,50.609021090263155,100 </coordinates>
            </LinearRing>
          </outerBoundaryIs>
          <altitudeMode>relativeToGround</altitudeMode>
        </Polygon>
      </MultiGeometry>
    </Placemark>
    <Placemark>
      <Style><LineStyle><color>ff327D2E</color><width>2</width></LineStyle><PolyStyle><color>80327D2E</color></PolyStyle></Style><name>RONCHIN APPT 32</name>
      <description>Restitué le 12.02.2024 — 936 jours</description><MultiGeometry>
        <Polygon>
          <tessellate>1</tessellate>
          <outerBoundaryIs>
            <LinearRing>
              <coordinates>3.0862408822524983,50.60757083308535,100 3.086776230006145,50.60779552374353,100 3.086883554296121,50.60767977414453,100 3.0863415666317717,50.6074550829336,100 3.0862408822524983,50.60757083308535,100 </coordinates>
            </LinearRing>
          </outerBoundaryIs>
          <altitudeMode>relativeToGround</altitudeMode>
        </Polygon>
      </MultiGeometry>
    </Placemark>
    <Placemark>
      <Style><LineStyle><color>ff327D2E</color><width>2</width></LineStyle><PolyStyle><color>80327D2E</color></PolyStyle></Style><name>RONCHIN APPT 33</name>
      <description>Restitué le 31.08.2024 — 735 jours</description><MultiGeometry>
        <Polygon>
          <tessellate>1</tessellate>
          <outerBoundaryIs>
            <LinearRing>
              <coordinates>3.086348176002503,50.6107164046559,100 3.086899652939619,50.610331730242294,100 3.0864596233507324,50.6100559882405,100 3.0856776363240406,50.61058704546963,100 3.086627132925943,50.61114873409247,100 3.0868579232645836,50.61099554695131,100 3.086348176002503,50.6107164046559,100 </coordinates>
            </LinearRing>
          </outerBoundaryIs>
          <altitudeMode>relativeToGround</altitudeMode>
        </Polygon>
      </MultiGeometry>
    </Placemark>
    <Placemark>
      <Style><LineStyle><color>ff327D2E</color><width>2</width></LineStyle><PolyStyle><color>80327D2E</color></PolyStyle></Style><name>RONCHIN APPT 34</name>
      <description>Restitué le 11.01.2024 — 968 jours</description><MultiGeometry>
        <Polygon>
          <tessellate>1</tessellate>
          <outerBoundaryIs>
            <LinearRing>
              <coordinates>3.0828586311379973,50.60891215230972,100 3.0824643319595295,50.60927300831441,100 3.0835800931839024,50.609797265880346,100 3.083757124368294,50.60964747860049,100 3.083569348179616,50.60955896771095,100 3.0837840003524923,50.60936492402428,100 3.0828586311379973,50.60891215230972,100 </coordinates>
            </LinearRing>
          </outerBoundaryIs>
          <altitudeMode>relativeToGround</altitudeMode>
        </Polygon>
      </MultiGeometry>
    </Placemark>
    <Placemark>
      <Style><LineStyle><color>ff327D2E</color><width>2</width></LineStyle><PolyStyle><color>80327D2E</color></PolyStyle></Style><name>RONCHIN APPT 35</name>
      <description>Restitué le 17.01.2024 — 962 jours</description><MultiGeometry>
        <Polygon>
          <tessellate>1</tessellate>
          <outerBoundaryIs>
            <LinearRing>
              <coordinates>3.0789077335845993,50.61172743656858,100 3.07874678487548,50.61159127192052,100 3.0784327652978187,50.611751265341475,100 3.078583019303776,50.611884025426605,100 3.0789077335845993,50.61172743656858,100 </coordinates>
            </LinearRing>
          </outerBoundaryIs>
          <altitudeMode>relativeToGround</altitudeMode>
        </Polygon>
      </MultiGeometry>
    </Placemark>
    <Placemark>
      <Style><LineStyle><color>ff327D2E</color><width>2</width></LineStyle><PolyStyle><color>80327D2E</color></PolyStyle></Style><name>RONCHIN APPT 36</name>
      <description>Restitué le 26.03.2024 — 893 jours</description><MultiGeometry>
        <Polygon>
          <tessellate>1</tessellate>
          <outerBoundaryIs>
            <LinearRing>
              <coordinates>3.078754738167704,50.612581860739276,100 3.0787092357457544,50.613106081433315,100 3.0790552461796192,50.61311629346677,100 3.079071344823117,50.6128099314994,100 3.0790901130187946,50.61264653763431,100 3.079084761176066,50.61255462833581,100 3.0790337813216078,50.61249335537036,100 3.0786098503762593,50.61206444237768,100 3.07835763829484,50.612166564873505,100 3.078754738167704,50.612581860739276,100 </coordinates>
            </LinearRing>
          </outerBoundaryIs>
          <altitudeMode>relativeToGround</altitudeMode>
        </Polygon>
      </MultiGeometry>
    </Placemark>
    <Placemark>
      <Style><LineStyle><color>ff327D2E</color><width>2</width></LineStyle><PolyStyle><color>80327D2E</color></PolyStyle></Style><name>RONCHIN APPT 37</name>
      <description>Restitué le 23.05.2024 — 835 jours</description><MultiGeometry>
        <Polygon>
          <tessellate>1</tessellate>
          <outerBoundaryIs>
            <LinearRing>
              <coordinates>3.0764920046931947,50.612469526973356,100 3.076669089771636,50.612398041709945,100 3.076636892484679,50.61235038480731,100 3.0768155997741657,50.612275495291364,100 3.076450842702219,50.61190104592326,100 3.0753329023615588,50.612272091219616,100 3.075134352425147,50.6122652830754,100 3.075112887567136,50.612449102623465,100 3.075928552170875,50.61217677711089,100 3.0764920046931947,50.612469526973356,100 </coordinates>
            </LinearRing>
          </outerBoundaryIs>
          <altitudeMode>relativeToGround</altitudeMode>
        </Polygon>
      </MultiGeometry>
    </Placemark>
    <Placemark>
      <Style><LineStyle><color>ff327D2E</color><width>2</width></LineStyle><PolyStyle><color>80327D2E</color></PolyStyle></Style><name>RONCHIN APPT 38</name>
      <description>Restitué le 05.09.2024 — 730 jours</description><MultiGeometry>
        <Polygon>
          <tessellate>1</tessellate>
          <outerBoundaryIs>
            <LinearRing>
              <coordinates>3.076992629162074,50.60076832614333,100 3.077094544122305,50.6009555955029,100 3.077620246310407,50.60086706826216,100 3.0782352537201656,50.60077854085488,100 3.0782961881327213,50.60033930625594,100 3.07766318860169,50.60029163713814,100 3.0769549955983293,50.6002507778559,100 3.0769013514180314,50.60058446095619,100 3.076992629162074,50.60076832614333,100 </coordinates>
            </LinearRing>
          </outerBoundaryIs>
          <altitudeMode>relativeToGround</altitudeMode>
        </Polygon>
      </MultiGeometry>
    </Placemark>
    <Placemark>
      <Style><LineStyle><color>ff327D2E</color><width>2</width></LineStyle><PolyStyle><color>80327D2E</color></PolyStyle></Style><name>RONCHIN APPT 41</name>
      <description>Restitué le 26.03.2024 — 893 jours</description><MultiGeometry>
        <Polygon>
          <tessellate>1</tessellate>
          <outerBoundaryIs>
            <LinearRing>
              <coordinates>3.082888140324971,50.602378818283206,100 3.083022227522916,50.6022902937197,100 3.0832313723930187,50.6022902937197,100 3.08367134303202,50.60183064427048,100 3.0846315785099114,50.602123458512715,100 3.0848246231500647,50.601953217895904,100 3.083510433743926,50.601517399110584,100 3.0829203500859497,50.60216431616911,100 3.082019023219367,50.60184766840421,100 3.0818581929907523,50.60202131421652,100 3.082888140324971,50.602378818283206,100 </coordinates>
            </LinearRing>
          </outerBoundaryIs>
          <altitudeMode>relativeToGround</altitudeMode>
        </Polygon>
      </MultiGeometry>
    </Placemark>
    <Placemark>
      <Style><LineStyle><color>ff327D2E</color><width>2</width></LineStyle><PolyStyle><color>80327D2E</color></PolyStyle></Style><name>RONCHIN APPT 46</name>
      <description>Restitué le 02.10.2024 — 703 jours</description><MultiGeometry>
        <Polygon>
          <tessellate>1</tessellate>
          <outerBoundaryIs>
            <LinearRing>
              <coordinates>3.078143731656398,50.60539876806938,100 3.0786749868917216,50.605538355199585,100 3.0790452556921015,50.6050106455798,100 3.078516132864908,50.60486084306086,100 3.078143731656398,50.60539876806938,100 </coordinates>
            </LinearRing>
          </outerBoundaryIs>
          <altitudeMode>relativeToGround</altitudeMode>
        </Polygon>
      </MultiGeometry>
    </Placemark>
    <Placemark>
      <Style><LineStyle><color>ffC06515</color><width>2</width></LineStyle><PolyStyle><color>80C06515</color></PolyStyle></Style><name>TEMPLEMARS 3</name>
      <description>Restitué le 26.07.2025 — 406 jours</description><MultiGeometry>
        <Polygon>
          <tessellate>1</tessellate>
          <outerBoundaryIs>
            <LinearRing>
              <coordinates>3.053110241889954,50.578934422471875,100 3.0539041757583623,50.57883222785173,100 3.05420994758606,50.578246307749424,100 3.054666494207448,50.577500271023965,100 3.053732514381409,50.577377633719024,100 3.052755716105385,50.57723114985298,100 3.052525520324707,50.57812707892911,100 3.052412867546082,50.57859036636731,100 3.0523055791854863,50.5789923326582,100 3.052364587783814,50.57900595857406,100 3.053110241889954,50.578934422471875,100 </coordinates>
            </LinearRing>
          </outerBoundaryIs>
          <altitudeMode>relativeToGround</altitudeMode>
        </Polygon>
      </MultiGeometry>
    </Placemark>
    <Placemark>
      <Style><LineStyle><color>ffC06515</color><width>2</width></LineStyle><PolyStyle><color>80C06515</color></PolyStyle></Style><name>TEMPLEMARS 6</name>
      <description>Restitué le 15.04.2025 — 508 jours</description><MultiGeometry>
        <Polygon>
          <tessellate>1</tessellate>
          <outerBoundaryIs>
            <LinearRing>
              <coordinates>3.0539893525423882,50.57883916807771,100 3.0541241168975835,50.57883563434263,100 3.0548912286758427,50.57894464192169,100 3.056280612945557,50.57915924985569,100 3.0565381050109868,50.57881519539346,100 3.0568170547485356,50.57840982106936,100 3.0569243431091313,50.57822927507928,100 3.0573642253875737,50.57829740572287,100 3.0588072538375854,50.578467731900695,100 3.058817982673645,50.578035102204375,100 3.055851459503174,50.57768763295661,100 3.054735660552979,50.57753433688535,100 3.054306507110596,50.578225868544514,100 3.0539893525423882,50.57883916807771,100 </coordinates>
            </LinearRing>
          </outerBoundaryIs>
          <altitudeMode>relativeToGround</altitudeMode>
        </Polygon>
      </MultiGeometry>
    </Placemark>
    <Placemark>
      <Style><LineStyle><color>ffC06515</color><width>2</width></LineStyle><PolyStyle><color>80C06515</color></PolyStyle></Style><name>TEMPLEMARS 19</name>
      <description>Restitué le 24.06.2025 — 438 jours</description><MultiGeometry>
        <Polygon>
          <tessellate>1</tessellate>
          <outerBoundaryIs>
            <LinearRing>
              <coordinates>3.047385659123894,50.57131350208972,100 3.0463014535715964,50.57181774054289,100 3.0475574144588884,50.573732434700815,100 3.0485450076352065,50.57546990119239,100 3.0495111313946808,50.575306377666315,100 3.047385659123894,50.57131350208972,100 </coordinates>
            </LinearRing>
          </outerBoundaryIs>
          <altitudeMode>relativeToGround</altitudeMode>
        </Polygon>
      </MultiGeometry>
    </Placemark>
    <Placemark>
      <Style><LineStyle><color>ffC06515</color><width>2</width></LineStyle><PolyStyle><color>80C06515</color></PolyStyle></Style><name>TEMPLEMARS 23</name>
      <description>Restitué le 09.11.2024 — 665 jours</description><MultiGeometry>
        <Polygon>
          <tessellate>1</tessellate>
          <outerBoundaryIs>
            <LinearRing>
              <coordinates>3.057407140731812,50.56810737324624,100 3.0579382145238347,50.56862527493315,100 3.0584841797323974,50.56907502704277,100 3.0583500243699384,50.56939189526937,100 3.058199770363981,50.5697121685156,100 3.0581246433610025,50.569909782836774,100 3.0585229324961154,50.570158503131815,100 3.0602389318733496,50.56844809868089,100 3.05936423891013,50.567933602325816,100 3.057407140731812,50.56810737324624,100 </coordinates>
            </LinearRing>
          </outerBoundaryIs>
          <altitudeMode>relativeToGround</altitudeMode>
        </Polygon>
      </MultiGeometry>
    </Placemark>
    <Placemark>
      <Style><LineStyle><color>ffC06515</color><width>2</width></LineStyle><PolyStyle><color>80C06515</color></PolyStyle></Style><name>VENDEVILLE 2</name>
      <description>Restitué le 03.03.2025 — 551 jours</description><MultiGeometry>
        <Polygon>
          <tessellate>1</tessellate>
          <outerBoundaryIs>
            <LinearRing>
              <coordinates>3.073650598526001,50.578209687501015,100 3.074207156896591,50.57849753891847,100 3.07442307472229,50.578618470054266,100 3.0744954943656926,50.57865083185486,100 3.0757641792297368,50.579263146996226,100 3.076913139698503,50.5798371319862,100 3.077822327722971,50.57776939055333,100 3.07605654001236,50.57754455663894,100 3.075157999992371,50.57740318318389,100 3.0747543275356297,50.57734867764209,100 3.0744177103042607,50.57724903453545,100 3.0741588771343236,50.57754200170074,100 3.0741320550441746,50.57756244120241,100 3.074036836624146,50.577660380358175,100 3.073961734771729,50.577767687373296,100 3.0737484991550446,50.57807938731647,100 3.073650598526001,50.578209687501015,100 </coordinates>
            </LinearRing>
          </outerBoundaryIs>
          <altitudeMode>relativeToGround</altitudeMode>
        </Polygon>
      </MultiGeometry>
    </Placemark>
    <Placemark>
      <Style><LineStyle><color>ffC06515</color><width>2</width></LineStyle><PolyStyle><color>80C06515</color></PolyStyle></Style><name>VENDEVILLE 3</name>
      <description>Restitué le 20.08.2025 — 381 jours</description><MultiGeometry>
        <Polygon>
          <tessellate>1</tessellate>
          <outerBoundaryIs>
            <LinearRing>
              <coordinates>3.079878687858582,50.57844729279189,100 3.0797204375267033,50.578741104128426,100 3.079528659582138,50.57911581737655,100 3.0798451602458954,50.57924952115479,100 3.0800758302211766,50.57934745680248,100 3.080699443817139,50.57771829211099,100 3.0813071803801733,50.57615287036992,100 3.0807571113109593,50.57594769324267,100 3.0801603198051453,50.57580375996222,100 3.078772276639939,50.57552100217787,100 3.078337758779526,50.57669460622083,100 3.0781204998493195,50.57723029820127,100 3.078065514564514,50.57738785350664,100 3.077990412712097,50.577574364240974,100 3.0779582262039185,50.577674006659365,100 3.0779206752777104,50.57772169868245,100 3.0792738497257237,50.57800529489394,100 3.0797016620635986,50.57809045858801,100 3.0800275504589085,50.578153479622486,100 3.079878687858582,50.57844729279189,100 </coordinates>
            </LinearRing>
          </outerBoundaryIs>
          <altitudeMode>relativeToGround</altitudeMode>
        </Polygon>
      </MultiGeometry>
    </Placemark>
    <Placemark>
      <Style><LineStyle><color>ffC06515</color><width>2</width></LineStyle><PolyStyle><color>80C06515</color></PolyStyle></Style><name>VENDEVILLE 5</name>
      <description>Restitué le 23.07.2025 — 409 jours</description><MultiGeometry>
        <Polygon>
          <tessellate>1</tessellate>
          <outerBoundaryIs>
            <LinearRing>
              <coordinates>3.074659109115601,50.576634989884425,100 3.0745732784271245,50.57692796086902,100 3.0744324624538426,50.57722518829065,100 3.0753216147422795,50.57740062823803,100 3.07618260383606,50.57751474901806,100 3.0764608827807476,50.576454437091016,100 3.0765205621719365,50.57616146316114,100 3.0766224861145024,50.57590766450467,100 3.0766278505325317,50.575848047172286,100 3.076546043157578,50.575745845855444,100 3.0766385793685913,50.57562320398254,100 3.0766165067228406,50.57550396852222,100 3.0764521658420563,50.57537195748192,100 3.076509833335877,50.57522206062636,100 3.0765735759801998,50.57504746425568,100 3.075695782899857,50.57492482056447,100 3.0753873288631444,50.5748473164005,100 3.0749851385025284,50.574710193336465,100 3.074659109115601,50.576634989884425,100 </coordinates>
            </LinearRing>
          </outerBoundaryIs>
          <altitudeMode>relativeToGround</altitudeMode>
        </Polygon>
      </MultiGeometry>
    </Placemark>
    <Placemark>
      <Style><LineStyle><color>ffC06515</color><width>2</width></LineStyle><PolyStyle><color>80C06515</color></PolyStyle></Style><name>VENDEVILLE 9</name>
      <description>Restitué le 17.07.2025 — 415 jours</description><MultiGeometry>
        <Polygon>
          <tessellate>1</tessellate>
          <outerBoundaryIs>
            <LinearRing>
              <coordinates>3.078719445402394,50.5754392405745,100 3.0789501926258027,50.57494866797387,100 3.0790897142027744,50.5746284303257,100 3.079149103652452,50.574376326815845,100 3.0792828979247138,50.57394365953926,100 3.0793419262841937,50.57355527765441,100 3.0772973985603524,50.57340537501784,100 3.0772598350588836,50.57369495922731,100 3.0764280718116463,50.573674518047405,100 3.076460269098642,50.57417873122979,100 3.0764012407391625,50.574437649415394,100 3.07620269080271,50.57465227788517,100 3.0761275637997314,50.5749180070167,100 3.078719445402394,50.5754392405745,100 </coordinates>
            </LinearRing>
          </outerBoundaryIs>
          <altitudeMode>relativeToGround</altitudeMode>
        </Polygon>
      </MultiGeometry>
    </Placemark>
    <Placemark>
      <Style><LineStyle><color>ff327D2E</color><width>2</width></LineStyle><PolyStyle><color>80327D2E</color></PolyStyle></Style><name>VENDEVILLE APPT 1</name>
      <description>Restitué le 20.01.2024 — 959 jours</description><MultiGeometry>
        <Polygon>
          <tessellate>1</tessellate>
          <outerBoundaryIs>
            <LinearRing>
              <coordinates>3.0783659093989213,50.5753574788292,100 3.078675498885249,50.57541880015149,100 3.078981373111676,50.57488053248637,100 3.0786234194290216,50.574815803681986,100 3.0783659093989213,50.5753574788292,100 </coordinates>
            </LinearRing>
          </outerBoundaryIs>
          <altitudeMode>relativeToGround</altitudeMode>
        </Polygon>
      </MultiGeometry>
    </Placemark>
    <Placemark>
      <Style><LineStyle><color>ffC06515</color><width>2</width></LineStyle><PolyStyle><color>80C06515</color></PolyStyle></Style><name>WATTIGNIES 3</name>
      <description>Restitué le 01.09.2025 — 369 jours</description><MultiGeometry>
        <Polygon>
          <tessellate>1</tessellate>
          <outerBoundaryIs>
            <LinearRing>
              <coordinates>3.026679754257202,50.58336604918184,100 3.027586340904236,50.58393146886323,100 3.02766422792343,50.58478299171661,100 3.029045462608338,50.58513722068845,100 3.029603362083435,50.58476936747216,100 3.0300593376159672,50.58391103212551,100 3.030487028421218,50.58299818212941,100 3.029217123985291,50.58266437435417,100 3.0290722846984868,50.58259625002767,100 3.029045462608338,50.5824770322192,100 3.0289489030838013,50.582371439051094,100 3.027897477149964,50.582088720693406,100 3.027468323707581,50.58286534054312,100 3.026679754257202,50.58336604918184,100 </coordinates>
            </LinearRing>
          </outerBoundaryIs>
          <altitudeMode>relativeToGround</altitudeMode>
        </Polygon>
      </MultiGeometry>
    </Placemark>
    <Placemark>
      <Style><LineStyle><color>ffC06515</color><width>2</width></LineStyle><PolyStyle><color>80C06515</color></PolyStyle></Style><name>WATTIGNIES 10</name>
      <description>Restitué le 24.07.2025 — 408 jours</description><MultiGeometry>
        <Polygon>
          <tessellate>1</tessellate>
          <outerBoundaryIs>
            <LinearRing>
              <coordinates>3.0356705188751225,50.58076366866401,100 3.036432266235352,50.58195928280662,100 3.0368721485137944,50.58277677927742,100 3.037129640579224,50.58273931099947,100 3.0374729561472384,50.582677999207625,100 3.0379343284342535,50.582569000269494,100 3.0384385477996743,50.58243275124204,100 3.0389965370982,50.58226243940337,100 3.039854750566611,50.581962689071375,100 3.040793538093567,50.58161184250928,100 3.0412924289703374,50.58136318268356,100 3.0356705188751225,50.58076366866401,100 </coordinates>
            </LinearRing>
          </outerBoundaryIs>
          <altitudeMode>relativeToGround</altitudeMode>
        </Polygon>
      </MultiGeometry>
    </Placemark>
    <Placemark>
      <Style><LineStyle><color>ffC06515</color><width>2</width></LineStyle><PolyStyle><color>80C06515</color></PolyStyle></Style><name>WATTIGNIES 11</name>
      <description>Restitué le 21.07.2025 — 411 jours</description><MultiGeometry>
        <Polygon>
          <tessellate>1</tessellate>
          <outerBoundaryIs>
            <LinearRing>
              <coordinates>3.0386048628863365,50.583297925870426,100 3.040279121809797,50.58393828110715,100 3.042125099597226,50.58458543978641,100 3.0429339516662695,50.584748931098126,100 3.0432520046418663,50.583645353728386,100 3.045430687728166,50.583863346369725,100 3.0458277876010706,50.582364626580485,100 3.0453770255831984,50.582105751967816,100 3.044818939275391,50.58181281318987,100 3.044185725964566,50.58173787507027,100 3.043466653221816,50.581581185889405,100 3.0413416322804836,50.58141087097107,100 3.0401288678038805,50.581942251479234,100 3.0388087790373017,50.58243275124204,100 3.037392098409733,50.58278699789349,100 3.0386048628863365,50.583297925870426,100 </coordinates>
            </LinearRing>
          </outerBoundaryIs>
          <altitudeMode>relativeToGround</altitudeMode>
        </Polygon>
      </MultiGeometry>
    </Placemark>
    <Placemark>
      <Style><LineStyle><color>ffC06515</color><width>2</width></LineStyle><PolyStyle><color>80C06515</color></PolyStyle></Style><name>WATTIGNIES 17</name>
      <description>Restitué le 03.09.2025 — 367 jours</description><MultiGeometry>
        <Polygon>
          <tessellate>1</tessellate>
          <outerBoundaryIs>
            <LinearRing>
              <coordinates>3.0366146564483643,50.58566855914984,100 3.0376231670379643,50.585307522130215,100 3.0378374179031336,50.58527686791616,100 3.0389804911085037,50.58533817632433,100 3.039039378787236,50.584868143155056,100 3.039178842877193,50.584673997650704,100 3.0386155933558094,50.58451050607885,100 3.037778735160828,50.584503693917675,100 3.037832051362282,50.58468421585512,100 3.0375100589100605,50.584881767370895,100 3.037290030734341,50.584888579477365,100 3.036989504445607,50.584847706823865,100 3.0369465721186732,50.58464334302422,100 3.0365709142577355,50.58465696730514,100 3.0365762807986267,50.584881767370895,100 3.035911917686463,50.5849090157908,100 3.0360406637191777,50.584561597256034,100 3.0358410646993854,50.58451731823901,100 3.0360557263341725,50.584098368555736,100 3.0362864875915956,50.58394849947118,100 3.036383986473084,50.583740725633156,100 3.0360609548904414,50.58366238443984,100 3.0358892255825873,50.58354998163046,100 3.0356490612030034,50.584088150224204,100 3.0354438026903368,50.584609282304726,100 3.035493493080139,50.584817052310456,100 3.0356047989164474,50.58493285814527,100 3.0358153581619267,50.5850929422127,100 3.0366146564483643,50.58566855914984,100 </coordinates>
            </LinearRing>
          </outerBoundaryIs>
          <altitudeMode>relativeToGround</altitudeMode>
        </Polygon>
      </MultiGeometry>
    </Placemark>
    <Placemark>
      <Style><LineStyle><color>ffC06515</color><width>2</width></LineStyle><PolyStyle><color>80C06515</color></PolyStyle></Style><name>WATTIGNIES 19</name>
      <description>Restitué le 20.06.2025 — 442 jours</description><MultiGeometry>
        <Polygon>
          <tessellate>1</tessellate>
          <outerBoundaryIs>
            <LinearRing>
              <coordinates>3.036679029464722,50.58694238463331,100 3.0362434172799984,50.58619648565735,100 3.034436702728272,50.5861998916156,100 3.0342006683349614,50.58810718953702,100 3.0347585246948277,50.58973514342999,100 3.034940882571387,50.59010976920372,100 3.0355634604625075,50.589939485130664,100 3.037033081054688,50.589517177971736,100 3.0390608310699467,50.58893820232308,100 3.0392432248758854,50.58887008707282,100 3.0394470691680913,50.58880197172398,100 3.039071059977068,50.588294509273375,100 3.037816286087036,50.58867255228971,100 3.0373227596282963,50.58910849001767,100 3.036747347780207,50.58926515415271,100 3.0362498760223393,50.589374137591356,100 3.035781370423543,50.58931283443815,100 3.0353701114654545,50.58921066233877,100 3.0350267887115483,50.588965448395605,100 3.034761727658202,50.588185523335625,100 3.034780025482178,50.58747370272505,100 3.0353057384490967,50.58718079733914,100 3.036044347908931,50.58712970900378,100 3.036679029464722,50.58694238463331,100 </coordinates>
            </LinearRing>
          </outerBoundaryIs>
          <altitudeMode>relativeToGround</altitudeMode>
        </Polygon>
      </MultiGeometry>
    </Placemark>
    <Placemark>
      <Style><LineStyle><color>ffC06515</color><width>2</width></LineStyle><PolyStyle><color>80C06515</color></PolyStyle></Style><name>WATTIGNIES 20</name>
      <description>Restitué le 06.08.2025 — 395 jours</description><MultiGeometry>
        <Polygon>
          <tessellate>1</tessellate>
          <outerBoundaryIs>
            <LinearRing>
              <coordinates>3.036007157865606,50.58716717378846,100 3.0354452133178715,50.58723188561901,100 3.0351930856704716,50.58731022087388,100 3.035010695457459,50.58740558535605,100 3.034837251955858,50.58764058986266,100 3.034810419251519,50.588079942967845,100 3.0349123835280616,50.588430741340815,100 3.0350841128359156,50.58886327554236,100 3.0353578064203117,50.589115301512635,100 3.035761713981629,50.589278777096325,100 3.0361640453338627,50.58930261723818,100 3.036452580757856,50.58928218283161,100 3.036807775497437,50.589183416408154,100 3.0372798442840576,50.58904037501374,100 3.0374239246553714,50.58895523112027,100 3.037617802619934,50.58875429092116,100 3.037858614465878,50.5885976250862,100 3.039034008979798,50.58825023376658,100 3.038797974586487,50.58789262237783,100 3.038551211357117,50.58770870689169,100 3.038202524185181,50.58758609616848,100 3.03796648979187,50.587579284452275,100 3.037708997726441,50.587582690310505,100 3.037542700767517,50.58806972550033,100 3.0360406637191777,50.58799139150906,100 3.036007157865606,50.58716717378846,100 </coordinates>
            </LinearRing>
          </outerBoundaryIs>
          <altitudeMode>relativeToGround</altitudeMode>
        </Polygon>
      </MultiGeometry>
    </Placemark>
    <Placemark>
      <Style><LineStyle><color>ffC06515</color><width>2</width></LineStyle><PolyStyle><color>80C06515</color></PolyStyle></Style><name>WATTIGNIES 25</name>
      <description>Restitué le 04.06.2025 — 458 jours</description><MultiGeometry>
        <Polygon>
          <tessellate>1</tessellate>
          <outerBoundaryIs>
            <LinearRing>
              <coordinates>3.0510449409484868,50.59728498022139,100 3.0507713556289673,50.59729860084435,100 3.0505567789077763,50.59729179053336,100 3.0490225104395434,50.59798643717837,100 3.0498218536376953,50.59835759221284,100 3.0498058250564735,50.5983984531387,100 3.0494034290313725,50.59868788368135,100 3.049596548080445,50.59884451593866,100 3.050083235808404,50.59884111089513,100 3.050127625465393,50.59907946334723,100 3.051500916481018,50.59911351359901,100 3.0512541532516484,50.59820776851449,100 3.0510449409484868,50.59728498022139,100 </coordinates>
            </LinearRing>
          </outerBoundaryIs>
          <altitudeMode>relativeToGround</altitudeMode>
        </Polygon>
      </MultiGeometry>
    </Placemark>
    <Placemark>
      <Style><LineStyle><color>ff327D2E</color><width>2</width></LineStyle><PolyStyle><color>80327D2E</color></PolyStyle></Style><name>WATTIGNIES APPT 11</name>
      <description>Restitué le 08.06.2024 — 819 jours</description><MultiGeometry>
        <Polygon>
          <tessellate>1</tessellate>
          <outerBoundaryIs>
            <LinearRing>
              <coordinates>3.036156516081321,50.587953927380234,100 3.03749820190848,50.58801523230282,100 3.037653837464403,50.58761674887923,100 3.0368917599146177,50.58747370272505,100 3.0366395229791197,50.58709224418931,100 3.0361350491081223,50.58721145031372,100 3.036156516081321,50.587953927380234,100 </coordinates>
            </LinearRing>
          </outerBoundaryIs>
          <altitudeMode>relativeToGround</altitudeMode>
        </Polygon>
      </MultiGeometry>
    </Placemark>
    <Placemark>
      <Style><LineStyle><color>ff327D2E</color><width>2</width></LineStyle><PolyStyle><color>80327D2E</color></PolyStyle></Style><name>WATTIGNIES APPT 14</name>
      <description>Restitué le 22.01.2025 — 591 jours</description><MultiGeometry>
        <Polygon>
          <tessellate>1</tessellate>
          <outerBoundaryIs>
            <LinearRing>
              <coordinates>3.043741401465093,50.587505036645325,100 3.044477107313015,50.58763445928883,100 3.044525438354145,50.58749141318849,100 3.043800839826205,50.58736539615564,100 3.043741401465093,50.587505036645325,100 </coordinates>
            </LinearRing>
          </outerBoundaryIs>
          <altitudeMode>relativeToGround</altitudeMode>
        </Polygon>
      </MultiGeometry>
    </Placemark>
    <Placemark>
      <Style><LineStyle><color>ff327D2E</color><width>2</width></LineStyle><PolyStyle><color>80327D2E</color></PolyStyle></Style><name>WATTIGNIES APPT 16</name>
      <description>Restitué le 20.07.2025 — 412 jours</description><MultiGeometry>
        <Polygon>
          <tessellate>1</tessellate>
          <outerBoundaryIs>
            <LinearRing>
              <coordinates>3.041480180008454,50.5786857485095,100 3.0405977153592594,50.57837916236509,100 3.0400049578643706,50.57911837222935,100 3.040876758513163,50.57941473421637,100 3.041480180008454,50.5786857485095,100 </coordinates>
            </LinearRing>
          </outerBoundaryIs>
          <altitudeMode>relativeToGround</altitudeMode>
        </Polygon>
      </MultiGeometry>
    </Placemark>
    <Placemark>
      <Style><LineStyle><color>ff327D2E</color><width>2</width></LineStyle><PolyStyle><color>80327D2E</color></PolyStyle></Style><name>WATTIGNIES APPT 18</name>
      <description>Restitué le 27.07.2024 — 770 jours</description><MultiGeometry>
        <Polygon>
          <tessellate>1</tessellate>
          <outerBoundaryIs>
            <LinearRing>
              <coordinates>3.0453575691769923,50.57836553626791,100 3.046045303344727,50.57872662651129,100 3.0467742498045207,50.57813048547103,100 3.0461311484049474,50.577772797225066,100 3.0453575691769923,50.57836553626791,100 </coordinates>
            </LinearRing>
          </outerBoundaryIs>
          <altitudeMode>relativeToGround</altitudeMode>
        </Polygon>
      </MultiGeometry>
    </Placemark>
    <Placemark>
      <Style><LineStyle><color>ff327D2E</color><width>2</width></LineStyle><PolyStyle><color>80327D2E</color></PolyStyle></Style><name>WATTIGNIES APPT 20</name>
      <description>Restitué le 27.11.2024 — 647 jours</description><MultiGeometry>
        <Polygon>
          <tessellate>1</tessellate>
          <outerBoundaryIs>
            <LinearRing>
              <coordinates>3.0444466870106983,50.59139028570262,100 3.044916697044391,50.591461802884375,100 3.045142078053287,50.59069213607845,100 3.0446644849629716,50.59062402336571,100 3.0444466870106983,50.59139028570262,100 </coordinates>
            </LinearRing>
          </outerBoundaryIs>
          <altitudeMode>relativeToGround</altitudeMode>
        </Polygon>
      </MultiGeometry>
    </Placemark>
    <Placemark>
      <Style><LineStyle><color>ff327D2E</color><width>2</width></LineStyle><PolyStyle><color>80327D2E</color></PolyStyle></Style><name>WATTIGNIES APPT 21</name>
      <description>Restitué le 27.12.2024 — 617 jours</description><MultiGeometry>
        <Polygon>
          <tessellate>1</tessellate>
          <outerBoundaryIs>
            <LinearRing>
              <coordinates>3.0452708672012734,50.5915809979459,100 3.0448469362558854,50.59151288651912,100 3.044685949820943,50.592003286592366,100 3.045115246980803,50.59206458624234,100 3.0452708672012734,50.5915809979459,100 </coordinates>
            </LinearRing>
          </outerBoundaryIs>
          <altitudeMode>relativeToGround</altitudeMode>
        </Polygon>
      </MultiGeometry>
    </Placemark>
    <Placemark>
      <Style><LineStyle><color>ff327D2E</color><width>2</width></LineStyle><PolyStyle><color>80327D2E</color></PolyStyle></Style><name>WATTIGNIES APPT 22</name>
      <description>Restitué le 08.04.2025 — 515 jours</description><MultiGeometry>
        <Polygon>
          <tessellate>1</tessellate>
          <outerBoundaryIs>
            <LinearRing>
              <coordinates>3.0364897168968605,50.591165516709765,100 3.036963291522694,50.591206383879204,100 3.03710819188944,50.59068532481162,100 3.0366024185063454,50.59062742900367,100 3.0364897168968605,50.591165516709765,100 </coordinates>
            </LinearRing>
          </outerBoundaryIs>
          <altitudeMode>relativeToGround</altitudeMode>
        </Polygon>
      </MultiGeometry>
    </Placemark>
    <Placemark>
      <Style><LineStyle><color>ff327D2E</color><width>2</width></LineStyle><PolyStyle><color>80327D2E</color></PolyStyle></Style><name>WATTIGNIES APPT 23</name>
      <description>Restitué le 08.04.2025 — 515 jours</description><MultiGeometry>
        <Polygon>
          <tessellate>1</tessellate>
          <outerBoundaryIs>
            <LinearRing>
              <coordinates>3.0373861699791864,50.59068532481162,100 3.0379389445399907,50.59078749371078,100 3.0380409126628165,50.58982709730506,100 3.0374291039256645,50.589786228938316,100 3.0373861699791864,50.59068532481162,100 </coordinates>
            </LinearRing>
          </outerBoundaryIs>
          <altitudeMode>relativeToGround</altitudeMode>
        </Polygon>
      </MultiGeometry>
    </Placemark>
    <Placemark>
      <Style><LineStyle><color>ff327D2E</color><width>2</width></LineStyle><PolyStyle><color>80327D2E</color></PolyStyle></Style><name>WATTIGNIES APPT 24</name>
      <description>Restitué le 03.05.2024 — 855 jours</description><MultiGeometry>
        <Polygon>
          <tessellate>1</tessellate>
          <outerBoundaryIs>
            <LinearRing>
              <coordinates>3.038883803478481,50.590698947344315,100 3.0389210585654167,50.59035157152921,100 3.038111336264566,50.59031410927839,100 3.0380684137344365,50.59067170227496,100 3.038883803478481,50.590698947344315,100 </coordinates>
            </LinearRing>
          </outerBoundaryIs>
          <altitudeMode>relativeToGround</altitudeMode>
        </Polygon>
      </MultiGeometry>
    </Placemark>
    <Placemark>
      <Style><LineStyle><color>ff327D2E</color><width>2</width></LineStyle><PolyStyle><color>80327D2E</color></PolyStyle></Style><name>WATTIGNIES APPT 25</name>
      <description>Restitué le 25.04.2025 — 498 jours</description><MultiGeometry>
        <Polygon>
          <tessellate>1</tessellate>
          <outerBoundaryIs>
            <LinearRing>
              <coordinates>3.0382985163416443,50.59029367531084,100 3.038808356955931,50.59032773191851,100 3.0388944963852005,50.589953107879175,100 3.0392056254450366,50.58970108639366,100 3.039227124435944,50.5896125379839,100 3.039264450803581,50.58948993221849,100 3.0386048932632375,50.58939457195801,100 3.0382985163416443,50.59029367531084,100 </coordinates>
            </LinearRing>
          </outerBoundaryIs>
          <altitudeMode>relativeToGround</altitudeMode>
        </Polygon>
      </MultiGeometry>
    </Placemark>
    <Placemark>
      <Style><LineStyle><color>ff327D2E</color><width>2</width></LineStyle><PolyStyle><color>80327D2E</color></PolyStyle></Style><name>WATTIGNIES APPT 42</name>
      <description>Restitué le 17.04.2024 — 871 jours</description><MultiGeometry>
        <Polygon>
          <tessellate>1</tessellate>
          <outerBoundaryIs>
            <LinearRing>
              <coordinates>3.0487318150647718,50.58810718953702,100 3.0487908434242517,50.58791305738751,100 3.0479429815335157,50.58781088225045,100 3.0478745698928837,50.58799820316567,100 3.0487318150647718,50.58810718953702,100 </coordinates>
            </LinearRing>
          </outerBoundaryIs>
          <altitudeMode>relativeToGround</altitudeMode>
        </Polygon>
      </MultiGeometry>
    </Placemark>
    </Document>
</kml>