{"type": "FeatureCollection", "features": [{"type": "Feature", "properties": {"name": "EMMERIN 13", "description": "Restitué le 19.07.2025 — 412 jours", "_umap_options": {"color": "#1565C0", "fillColor": "#1565C0", "weight": 2, "opacity": 1, "fillOpacity": 0.5}}, "geometry": {"type": "Polygon", "coordinates": [[[2.997647529269414, 50.5978876890157], [2.9992997484649524, 50.59809199533002], [2.999530463351947, 50.597819586713825], [2.999696720788565, 50.597380324499326], [2.999793282109584, 50.59666523770695], [2.999857631771863, 50.59608294472248], [3.0002701897008426, 50.595173736008526], [3.0000716493127526, 50.59514649352889], [2.999717496188086, 50.59510222446585], [2.9993855971181387, 50.59502049685545], [2.9991763830184937, 50.59496260637889], [2.998816967010498, 50.59489790517378], [2.998484373092652, 50.59486725720351], [2.9983448982238774, 50.59486044654071], [2.9982429742813115, 50.594843419879474], [2.9980820525192358, 50.59518735724243], [2.997969408722945, 50.59540529644895], [2.9978835744415426, 50.595698150668696], [2.997819187053441, 50.59715558410666], [2.9978191924428508, 50.59725773896364], [2.997792368556219, 50.59736329874959], [2.997647529269414, 50.5978876890157]]]}}, {"type": "Feature", "properties": {"name": "ENNETIERES 2", "description": "Restitué le 17.07.2025 — 414 jours", "_umap_options": {"color": "#1565C0", "fillColor": "#1565C0", "weight": 2, "opacity": 1, "fillOpacity": 0.5}}, "geometry": {"type": "Polygon", "coordinates": [[[3.098777532577515, 50.54851492514803], [3.096610307693482, 50.54957842234455], [3.0950975418090825, 50.551057734321645], [3.095011711120606, 50.55377082182849], [3.095258474349976, 50.55456154156562], [3.095054626464844, 50.55493644715061], [3.0952906608581547, 50.5550046114821], [3.095526695251465, 50.55475921942751], [3.0958271026611333, 50.55441839501021], [3.0964922904968266, 50.55399576931051], [3.0973184108734135, 50.55349134012829], [3.098058700561524, 50.55304143927674], [3.098359107971192, 50.55285738769085], [3.098552227020264, 50.552731277856026], [3.0987131595611577, 50.55268015215122], [3.098938465118408, 50.551671260233725], [3.0991208553314213, 50.55077823653679], [3.099356889724732, 50.54950343294372], [3.0994749069213867, 50.548760349707145], [3.0994749069213867, 50.548617185536244], [3.0994105339050297, 50.54847402093063], [3.0992388725280766, 50.548385395004544], [3.098777532577515, 50.54851492514803]]]}}, {"type": "Feature", "properties": {"name": "ENNETIERES 3", "description": "Restitué le 02.06.2025 — 459 jours", "_umap_options": {"color": "#1565C0", "fillColor": "#1565C0", "weight": 2, "opacity": 1, "fillOpacity": 0.5}}, "geometry": {"type": "Polygon", "coordinates": [[[3.093187808990479, 50.55378445503978], [3.090795278549195, 50.55553628988473], [3.091192245483399, 50.557315324010844], [3.0918252468109135, 50.5579355844906], [3.092340230941773, 50.55742438138988], [3.093037605285645, 50.55679048184501], [3.0937242507934575, 50.55634061248007], [3.0939495563507085, 50.55617702255556], [3.0942392349243164, 50.555948677336616], [3.095258474349976, 50.55505914287631], [3.0952692031860356, 50.5550114279098], [3.0951404571533208, 50.55496371289504], [3.0950170755386357, 50.55493644715061], [3.095108270645142, 50.55482056756089], [3.095183372497559, 50.55462970643923], [3.095183372497559, 50.554459294070405], [3.094979524612427, 50.55396168642769], [3.093734979629517, 50.553620856244144], [3.093187808990479, 50.55378445503978]]]}}, {"type": "Feature", "properties": {"name": "FACHES TH. APPT A01", "description": "Restitué le 16.08.2025 — 384 jours", "_umap_options": {"color": "#2E7D32", "fillColor": "#2E7D32", "weight": 2, "opacity": 1, "fillOpacity": 0.5}}, "geometry": {"type": "Polygon", "coordinates": [[[3.0757212602925725, 50.585903572326075], [3.075919725794965, 50.585903572326075], [3.075946540699262, 50.585600439169326], [3.075340386612458, 50.58559022116374], [3.0753242700042502, 50.5859001663464], [3.0757212602925725, 50.585903572326075]]]}}, {"type": "Feature", "properties": {"name": "FACHES TH. APPT A03", "description": "Restitué le 09.06.2025 — 452 jours", "_umap_options": {"color": "#2E7D32", "fillColor": "#2E7D32", "weight": 2, "opacity": 1, "fillOpacity": 0.5}}, "geometry": {"type": "Polygon", "coordinates": [[[3.0746161955678453, 50.58580479881517], [3.074630235458336, 50.58558000315596], [3.0739218951445717, 50.58557659715285], [3.0739242125890076, 50.585797986841264], [3.0746161955678453, 50.58580479881517]]]}}, {"type": "Feature", "properties": {"name": "FACHES TH. APPT A04", "description": "Restitué le 16.08.2025 — 384 jours", "_umap_options": {"color": "#2E7D32", "fillColor": "#2E7D32", "weight": 2, "opacity": 1, "fillOpacity": 0.5}}, "geometry": {"type": "Polygon", "coordinates": [[[3.072915673255921, 50.5907636543208], [3.072207570075989, 50.59043671289749], [3.071783781051636, 50.59083176683154], [3.0724757909774785, 50.591148488712044], [3.072915673255921, 50.5907636543208]]]}}, {"type": "Feature", "properties": {"name": "FACHES TH. APPT A06", "description": "Restitué le 23.01.2025 — 589 jours", "_umap_options": {"color": "#2E7D32", "fillColor": "#2E7D32", "weight": 2, "opacity": 1, "fillOpacity": 0.5}}, "geometry": {"type": "Polygon", "coordinates": [[[3.074074387550354, 50.59015404296182], [3.073881268501282, 50.59005868404646], [3.073580861091614, 50.590337948895986], [3.073784708976746, 50.59041968463614], [3.074074387550354, 50.59015404296182]]]}}, {"type": "Feature", "properties": {"name": "FACHES TH. APPT A07", "description": "Restitué le 19.06.2025 — 442 jours", "_umap_options": {"color": "#2E7D32", "fillColor": "#2E7D32", "weight": 2, "opacity": 1, "fillOpacity": 0.5}}, "geometry": {"type": "Polygon", "coordinates": [[[3.073360919952393, 50.58802885560811], [3.0744713544845585, 50.58860103087079], [3.074294328689575, 50.5887440736], [3.0740636587142944, 50.58863508870288], [3.0738973617553715, 50.58877472555686], [3.0736076831817627, 50.5886487118288], [3.073462843894959, 50.58876110246739], [3.0731678009033208, 50.588618059789916], [3.0734682083129887, 50.588369436959255], [3.0731517076492314, 50.588195740778], [3.073360919952393, 50.58802885560811]]]}}, {"type": "Feature", "properties": {"name": "FACHES TH. APPT A09", "description": "Restitué le 14.09.2024 — 720 jours", "_umap_options": {"color": "#2E7D32", "fillColor": "#2E7D32", "weight": 2, "opacity": 1, "fillOpacity": 0.5}}, "geometry": {"type": "Polygon", "coordinates": [[[3.0793529748916626, 50.594370076231165], [3.0798625946044926, 50.59473444910162], [3.0810320377349854, 50.594189591428346], [3.0805546045303345, 50.59378434944427], [3.0794656276702885, 50.59430877958326], [3.07943344116211, 50.59432240106749], [3.0793529748916626, 50.594370076231165]]]}}, {"type": "Feature", "properties": {"name": "FACHES TH. APPT A13", "description": "Restitué le 06.02.2025 — 575 jours", "_umap_options": {"color": "#2E7D32", "fillColor": "#2E7D32", "weight": 2, "opacity": 1, "fillOpacity": 0.5}}, "geometry": {"type": "Polygon", "coordinates": [[[3.0704426765441895, 50.59323266987546], [3.0709040164947514, 50.592909151071574], [3.0699598789215092, 50.59257541355461], [3.0695468187332158, 50.59291936748885], [3.0704426765441895, 50.59323266987546]]]}}, {"type": "Feature", "properties": {"name": "FACHES TH. APPT A16", "description": "Restitué le 14.10.2024 — 690 jours", "_umap_options": {"color": "#2E7D32", "fillColor": "#2E7D32", "weight": 2, "opacity": 1, "fillOpacity": 0.5}}, "geometry": {"type": "Polygon", "coordinates": [[[3.078060150146485, 50.597087480745515], [3.077352046966553, 50.59661756486785], [3.0776524543762207, 50.59639282083317], [3.078376650810242, 50.59686614414122], [3.0783981084823613, 50.596889980440935], [3.078060150146485, 50.597087480745515]]]}}, {"type": "Feature", "properties": {"name": "FACHES TH. APPT A17", "description": "Restitué le 17.06.2024 — 809 jours", "_umap_options": {"color": "#2E7D32", "fillColor": "#2E7D32", "weight": 2, "opacity": 1, "fillOpacity": 0.5}}, "geometry": {"type": "Polygon", "coordinates": [[[3.077850937843323, 50.5970023514055], [3.0775183439254765, 50.59721347188616], [3.0780172348022465, 50.59749950457517], [3.0783444643020634, 50.59745183258106], [3.0790257453918457, 50.59701256693443], [3.078698515892029, 50.59673674687508], [3.0784732103347783, 50.596869549327636], [3.078559041023255, 50.59693424782263], [3.0781137943267827, 50.59718282542354], [3.077850937843323, 50.5970023514055]]]}}, {"type": "Feature", "properties": {"name": "FACHES TH. APPT A24", "description": "Restitué le 19.02.2025 — 562 jours", "_umap_options": {"color": "#2E7D32", "fillColor": "#2E7D32", "weight": 2, "opacity": 1, "fillOpacity": 0.5}}, "geometry": {"type": "Polygon", "coordinates": [[[3.067760467529297, 50.60246393789878], [3.0679267644882207, 50.60215410175834], [3.067781925201416, 50.60212005370641], [3.067620992660523, 50.60244010442192], [3.067760467529297, 50.60246393789878]]]}}, {"type": "Feature", "properties": {"name": "FACHES TH. APPT A27", "description": "Restitué le 28.12.2024 — 615 jours", "_umap_options": {"color": "#2E7D32", "fillColor": "#2E7D32", "weight": 2, "opacity": 1, "fillOpacity": 0.5}}, "geometry": {"type": "Polygon", "coordinates": [[[3.0724436044692998, 50.60531705833762], [3.0719715356826782, 50.60498681339277], [3.071810603141785, 50.60508214206843], [3.072277307510376, 50.605408981775874], [3.0724436044692998, 50.60531705833762]]]}}, {"type": "Feature", "properties": {"name": "FACHES TH. APPT A28", "description": "Restitué le 14.04.2025 — 508 jours", "_umap_options": {"color": "#2E7D32", "fillColor": "#2E7D32", "weight": 2, "opacity": 1, "fillOpacity": 0.5}}, "geometry": {"type": "Polygon", "coordinates": [[[3.0705982446670537, 50.605112783387426], [3.0706948041915894, 50.60505150072946], [3.069718480110169, 50.60442845584283], [3.0696058273315434, 50.60449995321606], [3.0705982446670537, 50.605112783387426]]]}}, {"type": "Feature", "properties": {"name": "FACHES TH. APPT A29", "description": "Restitué le 18.05.2025 — 474 jours", "_umap_options": {"color": "#2E7D32", "fillColor": "#2E7D32", "weight": 2, "opacity": 1, "fillOpacity": 0.5}}, "geometry": {"type": "Polygon", "coordinates": [[[3.0706197023391724, 50.604377386224], [3.071016669273377, 50.603761141787494], [3.0708503723144536, 50.60373049958832], [3.0704802274703984, 50.604339935134995], [3.0706197023391724, 50.604377386224]]]}}, {"type": "Feature", "properties": {"name": "FACHES TH. APPT A31", "description": "Restitué le 15.07.2024 — 781 jours", "_umap_options": {"color": "#2E7D32", "fillColor": "#2E7D32", "weight": 2, "opacity": 1, "fillOpacity": 0.5}}, "geometry": {"type": "Polygon", "coordinates": [[[3.069466352462769, 50.60415608390202], [3.069337606430054, 50.60411182331274], [3.0690479278564453, 50.60444888367482], [3.069171309471131, 50.60448973931225], [3.069466352462769, 50.60415608390202]]]}}, {"type": "Feature", "properties": {"name": "FACHES TH. APPT A33", "description": "Restitué le 31.05.2024 — 826 jours", "_umap_options": {"color": "#2E7D32", "fillColor": "#2E7D32", "weight": 2, "opacity": 1, "fillOpacity": 0.5}}, "geometry": {"type": "Polygon", "coordinates": [[[3.0668430882117064, 50.604176511852266], [3.066719770431519, 50.604067562681806], [3.0664245234808316, 50.604356958360974], [3.066521286964417, 50.60440121871968], [3.066617846488953, 50.604442074398484], [3.0668430882117064, 50.604176511852266]]]}}, {"type": "Feature", "properties": {"name": "FACHES TH. APPT A34", "description": "Restitué le 29.04.2024 — 858 jours", "_umap_options": {"color": "#2E7D32", "fillColor": "#2E7D32", "weight": 2, "opacity": 1, "fillOpacity": 0.5}}, "geometry": {"type": "Polygon", "coordinates": [[[3.066371083259583, 50.604819987745685], [3.0661026206732216, 50.604700826207086], [3.0659365653991704, 50.60487786609843], [3.0660706758499146, 50.60493574437995], [3.066215515136719, 50.60499021799165], [3.066371083259583, 50.604819987745685]]]}}, {"type": "Feature", "properties": {"name": "FACHES TH. APPT A36", "description": "Restitué le 29.04.2024 — 858 jours", "_umap_options": {"color": "#2E7D32", "fillColor": "#2E7D32", "weight": 2, "opacity": 1, "fillOpacity": 0.5}}, "geometry": {"type": "Polygon", "coordinates": [[[3.0665264815562936, 50.60537153150791], [3.0667519569396977, 50.6054600502751], [3.067046999931336, 50.60503447775475], [3.0668056011199956, 50.60495276739039], [3.0665264815562936, 50.60537153150791]]]}}, {"type": "Feature", "properties": {"name": "FACHES TH. APPT A42", "description": "Restitué le 19.07.2025 — 412 jours", "_umap_options": {"color": "#2E7D32", "fillColor": "#2E7D32", "weight": 2, "opacity": 1, "fillOpacity": 0.5}}, "geometry": {"type": "Polygon", "coordinates": [[[3.05780413461306, 50.601565066986794], [3.057707068484366, 50.60089430743089], [3.056623093155709, 50.6009794297316], [3.056692853944174, 50.60130289307005], [3.0569404507349645, 50.60128246387234], [3.057009460599587, 50.6016297590273], [3.05780413461306, 50.601565066986794]]]}}, {"type": "Feature", "properties": {"name": "FACHES TH. APPT A43", "description": "Restitué le 18.05.2025 — 474 jours", "_umap_options": {"color": "#2E7D32", "fillColor": "#2E7D32", "weight": 2, "opacity": 1, "fillOpacity": 0.5}}, "geometry": {"type": "Polygon", "coordinates": [[[3.062766185361233, 50.59914075378267], [3.062501304257742, 50.59948125474835], [3.0634618566529253, 50.599763868678984], [3.063553082299402, 50.59963107439282], [3.0638535903113167, 50.59970938901716], [3.0637677308793525, 50.59943698976212], [3.062766185361233, 50.59914075378267]]]}}, {"type": "Feature", "properties": {"name": "FACHES TH. APPT A45", "description": "Restitué le 01.05.2025 — 491 jours", "_umap_options": {"color": "#2E7D32", "fillColor": "#2E7D32", "weight": 2, "opacity": 1, "fillOpacity": 0.5}}, "geometry": {"type": "Polygon", "coordinates": [[[3.061864991875716, 50.60671631790359], [3.061516288535554, 50.60638948727696], [3.061155807221754, 50.60654268941586], [3.061520709807622, 50.606883136827484], [3.061864991875716, 50.60671631790359]]]}}, {"type": "Feature", "properties": {"name": "FACHES TH. APPT A46", "description": "Restitué le 14.09.2024 — 720 jours", "_umap_options": {"color": "#2E7D32", "fillColor": "#2E7D32", "weight": 2, "opacity": 1, "fillOpacity": 0.5}}, "geometry": {"type": "Polygon", "coordinates": [[[3.0617675556745683, 50.60829256290243], [3.0612309342247332, 50.60800319142797], [3.0607372424908785, 50.60839809793842], [3.061269512730923, 50.60867384965712], [3.0617675556745683, 50.60829256290243]]]}}, {"type": "Feature", "properties": {"name": "FACHES TH. APPT A47", "description": "Restitué le 20.06.2025 — 441 jours", "_umap_options": {"color": "#2E7D32", "fillColor": "#2E7D32", "weight": 2, "opacity": 1, "fillOpacity": 0.5}}, "geometry": {"type": "Polygon", "coordinates": [[[3.064316511154175, 50.6102840712464], [3.0645149946212773, 50.610386197607056], [3.0646383762359624, 50.610297688107295], [3.064316511154175, 50.610110455924506], [3.0638122522664495, 50.61046789853595], [3.0639624631571354, 50.61055981191139], [3.064316511154175, 50.6102840712464]]]}}, {"type": "Feature", "properties": {"name": "FACHES THUMESNIL 32", "description": "Restitué le 26.08.2025 — 374 jours", "_umap_options": {"color": "#1565C0", "fillColor": "#1565C0", "weight": 2, "opacity": 1, "fillOpacity": 0.5}}, "geometry": {"type": "Polygon", "coordinates": [[[3.0650997161865234, 50.59426450973238], [3.0650031566619873, 50.59441094061874], [3.0661833286285405, 50.594758286480825], [3.066220879554749, 50.59486385187223], [3.06743860244751, 50.595275895166786], [3.0668592453002934, 50.595960355807854], [3.0672079324722294, 50.59607272899178], [3.068656325340271, 50.59435986012872], [3.0681842565536503, 50.59414532146536], [3.0650997161865234, 50.59426450973238]]]}}, {"type": "Feature", "properties": {"name": "FACHES THUMESNIL 41", "description": "Restitué le 19.07.2025 — 412 jours", "_umap_options": {"color": "#1565C0", "fillColor": "#1565C0", "weight": 2, "opacity": 1, "fillOpacity": 0.5}}, "geometry": {"type": "Polygon", "coordinates": [[[3.0721056461334233, 50.59863340277402], [3.0727332830429077, 50.59899774264251], [3.073210716247559, 50.598990932577344], [3.0735272169113164, 50.598769604924094], [3.0741494894027714, 50.59722709252983], [3.073709607124329, 50.597009161758365], [3.0737149715423584, 50.59682868707445], [3.073323369026184, 50.59658691801723], [3.0725723505020146, 50.597104506595045], [3.0731302499771123, 50.59745864286889], [3.0724811553955083, 50.59791833501939], [3.0728298425674443, 50.59812945139146], [3.0721056461334233, 50.59863340277402]]]}}, {"type": "Feature", "properties": {"name": "FACHES THUMESNIL 51", "description": "Restitué le 14.06.2025 — 447 jours", "_umap_options": {"color": "#1565C0", "fillColor": "#1565C0", "weight": 2, "opacity": 1, "fillOpacity": 0.5}}, "geometry": {"type": "Polygon", "coordinates": [[[3.067374132421872, 50.599389319730385], [3.0680072307586674, 50.59851763063651], [3.0674815177917485, 50.59829630075751], [3.0668807029724126, 50.598051134138124], [3.0662852525711064, 50.597860448106765], [3.0654162168502808, 50.59917139897047], [3.0657273530960087, 50.59922247423911], [3.0662530660629277, 50.599314409582966], [3.0666500329971313, 50.59941996475633], [3.0671113729476933, 50.59953573467424], [3.0672240293192448, 50.59935526967816], [3.067374132421872, 50.599389319730385]]]}}, {"type": "Feature", "properties": {"name": "FACHES THUMESNIL 53", "description": "Restitué le 23.07.2025 — 408 jours", "_umap_options": {"color": "#1565C0", "fillColor": "#1565C0", "weight": 2, "opacity": 1, "fillOpacity": 0.5}}, "geometry": {"type": "Polygon", "coordinates": [[[3.0628573876535907, 50.59775488943581], [3.062916331579051, 50.597867258335484], [3.063522577285767, 50.5985925420521], [3.065056800842285, 50.59884451593866], [3.0660170316696167, 50.59741778112713], [3.066145777702332, 50.597448427436774], [3.0662637948989873, 50.59727135959449], [3.0654484033584595, 50.59706023937347], [3.062798411391716, 50.59764592539809], [3.0628573876535907, 50.59775488943581]]]}}, {"type": "Feature", "properties": {"name": "FACHES THUMESNIL 62", "description": "Restitué le 21.07.2025 — 410 jours", "_umap_options": {"color": "#1565C0", "fillColor": "#1565C0", "weight": 2, "opacity": 1, "fillOpacity": 0.5}}, "geometry": {"type": "Polygon", "coordinates": [[[3.0705123960139074, 50.602698867238885], [3.0703085589075534, 50.60306658037321], [3.07145656412708, 50.60345131418785], [3.071864247322083, 50.603230007510646], [3.073731064796448, 50.60383944953919], [3.0739563703536987, 50.603570478890674], [3.0721163803588913, 50.602957628632964], [3.071858882904053, 50.60222900738585], [3.0709040290700123, 50.60237541349537], [3.0705123960139074, 50.602698867238885]]]}}, {"type": "Feature", "properties": {"name": "FACHES THUMESNIL 64", "description": "Restitué le 13.06.2025 — 448 jours", "_umap_options": {"color": "#1565C0", "fillColor": "#1565C0", "weight": 2, "opacity": 1, "fillOpacity": 0.5}}, "geometry": {"type": "Polygon", "coordinates": [[[3.0675619840621953, 50.60422077238071], [3.067620992660523, 50.60416970253652], [3.0677711963653564, 50.60414927458329], [3.068076968193054, 50.604176511852266], [3.0685007572174077, 50.604224177035036], [3.069101572036743, 50.60293720015357], [3.0688977241516118, 50.60289974791834], [3.0684792995452885, 50.60347174244407], [3.067122101783753, 50.60322660278439], [3.0669558048248295, 50.603594311795035], [3.066816329956055, 50.60398925530972], [3.0668109655380253, 50.60404032534978], [3.0668324232101445, 50.604081181341904], [3.066891431808472, 50.60413565594291], [3.0669611692428593, 50.60418332116705], [3.0674010515213013, 50.604397814078204], [3.0675619840621953, 50.60422077238071]]]}}, {"type": "Feature", "properties": {"name": "FACHES THUMESNIL 76", "description": "Restitué le 28.08.2025 — 372 jours", "_umap_options": {"color": "#1565C0", "fillColor": "#1565C0", "weight": 2, "opacity": 1, "fillOpacity": 0.5}}, "geometry": {"type": "Polygon", "coordinates": [[[3.055293671409141, 50.601006668835296], [3.0577236485814616, 50.60086025846749], [3.057692734136018, 50.600380165461345], [3.0571711153208363, 50.60041421477206], [3.0571131829701996, 50.59950849471917], [3.0557179672006423, 50.59960383449294], [3.05586755096078, 50.60075130161913], [3.055213014713019, 50.60078875556422], [3.0548643958068764, 50.600812589877386], [3.0550203593158636, 50.60102028838122], [3.055293671409141, 50.601006668835296]]]}}, {"type": "Feature", "properties": {"name": "FACHES THUMESNIL 90", "description": "Restitué le 02.09.2025 — 367 jours", "_umap_options": {"color": "#1565C0", "fillColor": "#1565C0", "weight": 2, "opacity": 1, "fillOpacity": 0.5}}, "geometry": {"type": "Polygon", "coordinates": [[[3.061954050981127, 50.61164233370974], [3.0642360448837285, 50.610073009398526], [3.0640751177322443, 50.60996407388077], [3.0617952310872503, 50.611536805950955], [3.061954050981127, 50.61164233370974]]]}}, {"type": "Feature", "properties": {"name": "FACHES THUMESNIL 94", "description": "Restitué le 20.07.2025 — 411 jours", "_umap_options": {"color": "#1565C0", "fillColor": "#1565C0", "weight": 2, "opacity": 1, "fillOpacity": 0.5}}, "geometry": {"type": "Polygon", "coordinates": [[[3.0684358029836156, 50.605521332401], [3.0682593584060673, 50.60572901012301], [3.068817257881165, 50.605933282398], [3.0691283941268925, 50.606086486022264], [3.0691283941268925, 50.60608989054161], [3.0690532922744755, 50.60614776733232], [3.0688333511352544, 50.60631799277478], [3.068634867668152, 50.60650183556091], [3.0684792995452885, 50.606808238608274], [3.068902663644986, 50.607046550710095], [3.069219270300359, 50.606828665407164], [3.0698846808981415, 50.607250817265225], [3.07068943977356, 50.6066788686761], [3.069611191749573, 50.60604222724873], [3.0684358029836156, 50.605521332401]]]}}, {"type": "Feature", "properties": {"name": "FACHES THUMESNIL 101", "description": "Restitué le 20.05.2025 — 472 jours", "_umap_options": {"color": "#1565C0", "fillColor": "#1565C0", "weight": 2, "opacity": 1, "fillOpacity": 0.5}}, "geometry": {"type": "Polygon", "coordinates": [[[3.0657702666437636, 50.607689987355876], [3.065743440960689, 50.60779892813917], [3.065743440960689, 50.60790446428245], [3.0657166170740573, 50.60811213148606], [3.065726706367218, 50.60828915854247], [3.0678409948795653, 50.609337689758604], [3.0682649258249133, 50.60906194193067], [3.068517137906333, 50.60883385299985], [3.06822717908378, 50.6086840626527], [3.068425912259856, 50.60852405880057], [3.0676209800851417, 50.608139366461174], [3.067443895006701, 50.60828234982186], [3.065802460337834, 50.60749934037817], [3.0657702666437636, 50.607689987355876]]]}}, {"type": "Feature", "properties": {"name": "HAMEAU D'HAS 1", "description": "Restitué le 04.12.2024 — 639 jours", "_umap_options": {"color": "#1565C0", "fillColor": "#1565C0", "weight": 2, "opacity": 1, "fillOpacity": 0.5}}, "geometry": {"type": "Polygon", "coordinates": [[[3.07726471408387, 50.5438175255808], [3.07453958972474, 50.5435584391293], [3.0729302643158, 50.5443766020208], [3.06962578280945, 50.5477990962204], [3.0700120209076, 50.5484808383026], [3.07638494952698, 50.5498442928955], [3.08142750247498, 50.5515212879703], [3.08164207919617, 50.5515894572401], [3.08215706332703, 50.550866857965], [3.0804404495575, 50.5474582214828], [3.07726471408387, 50.5438175255808], [3.07726471408387, 50.5438175255808], [3.07726471408387, 50.5438175255808]]]}}, {"type": "Feature", "properties": {"name": "LESQUIN 2", "description": "Restitué le 04.08.2025 — 396 jours", "_umap_options": {"color": "#1565C0", "fillColor": "#1565C0", "weight": 2, "opacity": 1, "fillOpacity": 0.5}}, "geometry": {"type": "Polygon", "coordinates": [[[3.118304014205933, 50.591008858898306], [3.1184113025665288, 50.5910769710543], [3.1199669837951665, 50.5909884252323], [3.1208896636962895, 50.590947557873655], [3.1212115287780766, 50.59092712418105], [3.121222257614136, 50.59093393541289], [3.121200799942017, 50.59092712418105], [3.1212329864501958, 50.59093393541289], [3.120975494384766, 50.59081814433727], [3.120203018188477, 50.59043671289749], [3.1198704242706303, 50.590232373354944], [3.1197953224182133, 50.59006890108236], [3.1191408634185795, 50.589884994097204], [3.1187546253204346, 50.590429901593694], [3.1182932853698735, 50.590995236455285], [3.118304014205933, 50.591008858898306]]]}}, {"type": "Feature", "properties": {"name": "LESQUIN 6", "description": "Restitué le 08.06.2025 — 453 jours", "_umap_options": {"color": "#1565C0", "fillColor": "#1565C0", "weight": 2, "opacity": 1, "fillOpacity": 0.5}}, "geometry": {"type": "Polygon", "coordinates": [[[3.121222257614136, 50.592861474428304], [3.12136173248291, 50.59273887712385], [3.1214261054992676, 50.59260265752224], [3.1215655803680424, 50.59237108329486], [3.1218123435974126, 50.59211907475308], [3.1221020221710205, 50.591989664437065], [3.1224668025970463, 50.59188068705298], [3.122928142547608, 50.591764898305954], [3.123153448104859, 50.591683164901276], [3.1232607364654545, 50.59157418680764], [3.123024702072144, 50.59141753035608], [3.1227993965148926, 50.59126768456682], [3.1226813793182373, 50.59091350171436], [3.1213188171386723, 50.590961180330495], [3.120256662368775, 50.5909884252323], [3.118690252304077, 50.5910769710543], [3.118175268173218, 50.59108378226446], [3.118325471878052, 50.591213195070644], [3.1187546253204346, 50.59141753035608], [3.119151592254639, 50.591642298145715], [3.1195378303527836, 50.591860253765375], [3.1199133396148686, 50.59207139730963], [3.1202352046966557, 50.592248484713316], [3.1205463409423833, 50.5924528155052], [3.120954036712647, 50.592684389330515], [3.121222257614136, 50.592861474428304]]]}}, {"type": "Feature", "properties": {"name": "LESQUIN 7", "description": "Restitué le 08.06.2025 — 453 jours", "_umap_options": {"color": "#1565C0", "fillColor": "#1565C0", "weight": 2, "opacity": 1, "fillOpacity": 0.5}}, "geometry": {"type": "Polygon", "coordinates": [[[3.1309211254119877, 50.589939485130664], [3.1311571598052983, 50.58984412578071], [3.1313395500183105, 50.5896125379839], [3.1313395500183105, 50.589299211504375], [3.131210803985596, 50.58904037501374], [3.130964040756226, 50.58869298696088], [3.1307601928710938, 50.588345596344844], [3.13036322593689, 50.58794370988537], [3.1298053264617924, 50.5875554434378], [3.129440546035767, 50.587453267524715], [3.129065036773682, 50.587500949645076], [3.1286466121673584, 50.58762356059001], [3.1280243396759033, 50.58784834649314], [3.127648830413819, 50.58797095653342], [3.127273321151734, 50.58812081281569], [3.126844167709351, 50.588318349913635], [3.126350641250611, 50.588447770321515], [3.125921487808228, 50.58872704472645], [3.12586784362793, 50.58897225991128], [3.1261360645294194, 50.58904037501374], [3.126447200775147, 50.58901312898457], [3.1266939640045166, 50.589081244027916], [3.126597404479981, 50.58926515415271], [3.126425743103028, 50.58962616082702], [3.126844167709351, 50.590613806450264], [3.1280243396759033, 50.590389033750206], [3.1280672550201416, 50.590307297956855], [3.1279492378234868, 50.59009614650053], [3.1278848648071294, 50.58977601184109], [3.1277346611022954, 50.58966021791755], [3.127219676971436, 50.58972833202472], [3.1270265579223637, 50.589680652160034], [3.126972913742066, 50.58959210371183], [3.1269621849060063, 50.58946949789323], [3.127031922340393, 50.58939797768492], [3.127090930938721, 50.58932986309982], [3.126989006996155, 50.58918001066572], [3.126892447471619, 50.58907783827808], [3.1267851591110234, 50.5889620426374], [3.126565217971802, 50.58876110246739], [3.127053380012512, 50.58856356722704], [3.127305507659912, 50.588488639850105], [3.1275308132171635, 50.58832516152292], [3.1279492378234868, 50.58818211752098], [3.1284803152084355, 50.588025449782144], [3.1287860870361333, 50.587916463221596], [3.1290006637573247, 50.587821099774146], [3.1292581558227544, 50.58776660628889], [3.1296765804290776, 50.58796414487289], [3.1300735473632812, 50.588284291852425], [3.130395412445069, 50.58865892917068], [3.130588531494141, 50.588965448395605], [3.1306850910186768, 50.589237908253615], [3.130787014961243, 50.58935029748571], [3.1308031082153325, 50.589476309335964], [3.1304812431335454, 50.58963978366616], [3.1300950050354004, 50.589755577639984], [3.1301486492156987, 50.58996673062374], [3.1306636333465576, 50.5899462965054], [3.1309211254119877, 50.589939485130664]]]}}, {"type": "Feature", "properties": {"name": "LESQUIN 10", "description": "Restitué le 29.08.2025 — 371 jours", "_umap_options": {"color": "#1565C0", "fillColor": "#1565C0", "weight": 2, "opacity": 1, "fillOpacity": 0.5}}, "geometry": {"type": "Polygon", "coordinates": [[[3.1231213011189856, 50.585014603268974], [3.1216829903583325, 50.585266649840364], [3.121104240417481, 50.585757114977156], [3.122348785400391, 50.5860568411569], [3.128592967987061, 50.58459906408405], [3.128850438494855, 50.58352273242416], [3.1257712661387242, 50.58244637616254], [3.1231213011189856, 50.585014603268974]]]}}, {"type": "Feature", "properties": {"name": "LESQUIN 25", "description": "Restitué le 07.05.2025 — 485 jours", "_umap_options": {"color": "#1565C0", "fillColor": "#1565C0", "weight": 2, "opacity": 1, "fillOpacity": 0.5}}, "geometry": {"type": "Polygon", "coordinates": [[[3.107988238334656, 50.593372293093466], [3.1059336662292485, 50.59225870127397], [3.104925155639649, 50.593021531539684], [3.1056654453277592, 50.59378434944427], [3.1065773963928227, 50.594301968839694], [3.1067544221878056, 50.59426110435752], [3.1079614162445073, 50.5933484550124], [3.107988238334656, 50.593372293093466]]]}}, {"type": "Feature", "properties": {"name": "LESQUIN 27", "description": "Restitué le 20.07.2025 — 411 jours", "_umap_options": {"color": "#1565C0", "fillColor": "#1565C0", "weight": 2, "opacity": 1, "fillOpacity": 0.5}}, "geometry": {"type": "Polygon", "coordinates": [[[3.106620311737061, 50.594315590325884], [3.1057029962539677, 50.59381499811963], [3.1049358844757085, 50.59304196432326], [3.1043350696563725, 50.59344380726428], [3.1051826477050786, 50.59427132048139], [3.105992674827576, 50.59511244040715], [3.1065559387207036, 50.59538486469119], [3.108422756195069, 50.593981862779884], [3.108696341514588, 50.59374348451275], [3.107945322990418, 50.59335526589393], [3.106620311737061, 50.594315590325884]]]}}, {"type": "Feature", "properties": {"name": "LESQUIN 28", "description": "Restitué le 28.08.2025 — 372 jours", "_umap_options": {"color": "#1565C0", "fillColor": "#1565C0", "weight": 2, "opacity": 1, "fillOpacity": 0.5}}, "geometry": {"type": "Polygon", "coordinates": [[[3.1088197231292725, 50.5945335335686], [3.108170628547669, 50.594189591428346], [3.1066095829010014, 50.595398485864], [3.1059604883193974, 50.59506476599535], [3.105193376541138, 50.594301968839694], [3.1043082475662236, 50.59479574519519], [3.10614287853241, 50.595773066571766], [3.1063896417617802, 50.59557556075191], [3.1069046258926396, 50.59583095605159], [3.1086587905883794, 50.59444839960951], [3.1088197231292725, 50.5945335335686]]]}}, {"type": "Feature", "properties": {"name": "LESQUIN 31", "description": "Restitué le 25.07.2025 — 406 jours", "_umap_options": {"color": "#1565C0", "fillColor": "#1565C0", "weight": 2, "opacity": 1, "fillOpacity": 0.5}}, "geometry": {"type": "Polygon", "coordinates": [[[3.1072103977203374, 50.59294320578722], [3.108444213867188, 50.591996475515224], [3.1058585643768315, 50.590647862826366], [3.1054186820983887, 50.59068191917784], [3.104270696640015, 50.59137666336995], [3.1072103977203374, 50.59294320578722]]]}}, {"type": "Feature", "properties": {"name": "LESQUIN 34", "description": "Restitué le 22.04.2025 — 500 jours", "_umap_options": {"color": "#1565C0", "fillColor": "#1565C0", "weight": 2, "opacity": 1, "fillOpacity": 0.5}}, "geometry": {"type": "Polygon", "coordinates": [[[3.1041419506073, 50.59127109015824], [3.104721307754517, 50.59077727683085], [3.104839324951172, 50.59037541112785], [3.104860782623291, 50.589990570417235], [3.1043297052383427, 50.58959210371183], [3.103718161582947, 50.58924471972988], [3.1027793884277344, 50.5893639204047], [3.1021785736083984, 50.58972152061843], [3.1019425392150883, 50.59013360892477], [3.1041419506073, 50.59127109015824]]]}}, {"type": "Feature", "properties": {"name": "LESQUIN 37", "description": "Restitué le 10.06.2025 — 451 jours", "_umap_options": {"color": "#1565C0", "fillColor": "#1565C0", "weight": 2, "opacity": 1, "fillOpacity": 0.5}}, "geometry": {"type": "Polygon", "coordinates": [[[3.101679682731629, 50.590756843064305], [3.1017601490020756, 50.59013020325109], [3.1012934446334843, 50.58974536053609], [3.101030588150025, 50.589581886572475], [3.1000435352325444, 50.58835240795019], [3.0986702442169194, 50.588679363847746], [3.0984449386596684, 50.58904718651857], [3.099131584167481, 50.58985434286318], [3.098375201225281, 50.5900995521767], [3.098756074905396, 50.59044011854901], [3.0996036529541016, 50.5905116371742], [3.1002044677734375, 50.59027664699778], [3.1009608507156377, 50.5909679915574], [3.101679682731629, 50.590756843064305]]]}}, {"type": "Feature", "properties": {"name": "LESQUIN 38", "description": "Restitué le 21.05.2025 — 471 jours", "_umap_options": {"color": "#1565C0", "fillColor": "#1565C0", "weight": 2, "opacity": 1, "fillOpacity": 0.5}}, "geometry": {"type": "Polygon", "coordinates": [[[3.106491565704346, 50.5893809490479], [3.1086909303883608, 50.58772573613355], [3.106942173225922, 50.587770012133554], [3.1050592607009846, 50.587916463221596], [3.1042063236236572, 50.58793008655545], [3.1033158302307133, 50.58789262237783], [3.102811574935913, 50.58808675461161], [3.1023931503295903, 50.587957333211364], [3.1020605564117436, 50.58817190007566], [3.102575540542603, 50.58865211760968], [3.1026828289031987, 50.58878834864238], [3.1027579307556157, 50.588965448395605], [3.102865219116211, 50.5893230516359], [3.1036806106567387, 50.5892583426794], [3.104860782623291, 50.58998035336436], [3.1049787998199467, 50.5885295093432], [3.105096817016602, 50.588515886182776], [3.106491565704346, 50.5893809490479]]]}}, {"type": "Feature", "properties": {"name": "LESQUIN 41", "description": "Restitué le 02.08.2025 — 398 jours", "_umap_options": {"color": "#1565C0", "fillColor": "#1565C0", "weight": 2, "opacity": 1, "fillOpacity": 0.5}}, "geometry": {"type": "Polygon", "coordinates": [[[3.1006156614309215, 50.58537904855209], [3.1024455405748523, 50.58688789013107], [3.1021128352759413, 50.587020720369814], [3.1021879622789204, 50.58709565008278], [3.1024294419313536, 50.58730000323933], [3.1032880362510755, 50.58690151376252], [3.103502684831026, 50.58677890093735], [3.1039856441358538, 50.58645193184252], [3.104468603440722, 50.58607046502884], [3.1050427883920277, 50.58550166502254], [3.1038836860603918, 50.58492945209537], [3.1023757797863865, 50.58438107484853], [3.1006156614309215, 50.58537904855209]]]}}, {"type": "Feature", "properties": {"name": "LESQUIN 43", "description": "Restitué le 20.06.2025 — 441 jours", "_umap_options": {"color": "#1565C0", "fillColor": "#1565C0", "weight": 2, "opacity": 1, "fillOpacity": 0.5}}, "geometry": {"type": "Polygon", "coordinates": [[[3.0984127521514897, 50.58283809094064], [3.0982089042663574, 50.582783591688376], [3.09790849685669, 50.5827563420386], [3.0977690219879155, 50.58277337307154], [3.0977475643157963, 50.582800622711474], [3.097527623176575, 50.58307311824353], [3.0972594022750854, 50.58374753790466], [3.0974203348159794, 50.584534348635074], [3.097870945930481, 50.58519512324776], [3.098198175430298, 50.58528027394092], [3.098305463790894, 50.58531774019715], [3.0983698368072514, 50.58540289066858], [3.0995500087738037, 50.584977136771556], [3.1003385782241826, 50.5841664907092], [3.1007462739944462, 50.58371007039911], [3.0984127521514897, 50.58283809094064]]]}}, {"type": "Feature", "properties": {"name": "LESQUIN APPT 6", "description": "Restitué le 10.03.2025 — 543 jours", "_umap_options": {"color": "#2E7D32", "fillColor": "#2E7D32", "weight": 2, "opacity": 1, "fillOpacity": 0.5}}, "geometry": {"type": "Polygon", "coordinates": [[[3.1091093963134724, 50.59364132202872], [3.1093317447204387, 50.59350510503848], [3.1090235746073307, 50.59329396792462], [3.10878975705609, 50.593423374655124], [3.1091093963134724, 50.59364132202872]]]}}, {"type": "Feature", "properties": {"name": "LESQUIN APPT 10", "description": "Restitué le 24.02.2025 — 557 jours", "_umap_options": {"color": "#2E7D32", "fillColor": "#2E7D32", "weight": 2, "opacity": 1, "fillOpacity": 0.5}}, "geometry": {"type": "Polygon", "coordinates": [[[3.12003136040445, 50.59081473871311], [3.1203424930572514, 50.59053547669178], [3.1198493311184454, 50.59030389229572], [3.1195270889414632, 50.590620617727474], [3.12003136040445, 50.59081473871311]]]}}, {"type": "Feature", "properties": {"name": "LESQUIN APPT 11", "description": "Restitué le 31.08.2024 — 734 jours", "_umap_options": {"color": "#2E7D32", "fillColor": "#2E7D32", "weight": 2, "opacity": 1, "fillOpacity": 0.5}}, "geometry": {"type": "Polygon", "coordinates": [[[3.120712654069533, 50.59264011795198], [3.1203144852978997, 50.59292617843248], [3.120030075929484, 50.592752499062335], [3.1196290326451814, 50.59303174793258], [3.119681271987074, 50.593161155383925], [3.1201052029324616, 50.59348126702467], [3.1205141418589437, 50.593695808714465], [3.121146248545138, 50.59307942440341], [3.1210764877566315, 50.59285125799846], [3.120712654069533, 50.59264011795198]]]}}, {"type": "Feature", "properties": {"name": "LESQUIN APPT 12", "description": "Restitué le 31.05.2024 — 826 jours", "_umap_options": {"color": "#2E7D32", "fillColor": "#2E7D32", "weight": 2, "opacity": 1, "fillOpacity": 0.5}}, "geometry": {"type": "Polygon", "coordinates": [[[3.1208135432462263, 50.59440412988995], [3.1215540808469875, 50.59361407866221], [3.120979895895682, 50.593351860453296], [3.1206793878837673, 50.59359024070357], [3.1205774298083044, 50.593787754853636], [3.1204701055183297, 50.594250888231436], [3.1208135432462263, 50.59440412988995]]]}}, {"type": "Feature", "properties": {"name": "LESQUIN APPT 15", "description": "Restitué le 24.04.2024 — 863 jours", "_umap_options": {"color": "#2E7D32", "fillColor": "#2E7D32", "weight": 2, "opacity": 1, "fillOpacity": 0.5}}, "geometry": {"type": "Polygon", "coordinates": [[[3.0885136565156084, 50.59173765385348], [3.0894098143368387, 50.59149926422194], [3.088937587460996, 50.59072959802847], [3.0880540501571563, 50.5909713971705], [3.0885136565156084, 50.59173765385348]]]}}, {"type": "Feature", "properties": {"name": "LESQUIN APPT 17", "description": "Restitué le 26.05.2025 — 466 jours", "_umap_options": {"color": "#2E7D32", "fillColor": "#2E7D32", "weight": 2, "opacity": 1, "fillOpacity": 0.5}}, "geometry": {"type": "Polygon", "coordinates": [[[3.0988687276840214, 50.58682998965329], [3.099308609962464, 50.58732384438316], [3.099850416183472, 50.58714673845505], [3.09939980506897, 50.58664266409041], [3.0988687276840214, 50.58682998965329]]]}}, {"type": "Feature", "properties": {"name": "RONCHIN 9", "description": "Restitué le 16.04.2025 — 506 jours", "_umap_options": {"color": "#1565C0", "fillColor": "#1565C0", "weight": 2, "opacity": 1, "fillOpacity": 0.5}}, "geometry": {"type": "Polygon", "coordinates": [[[3.097795844078064, 50.59352213218382], [3.0974954366683964, 50.59392397102599], [3.0979406833648686, 50.59407040297164], [3.0980908870697026, 50.594346238655355], [3.098182082176209, 50.59474466512275], [3.0981767177581787, 50.594914931815346], [3.0980211496353154, 50.595153304150266], [3.0978816747665405, 50.59535762233374], [3.0978655815124516, 50.59540529644895], [3.0983376502990727, 50.59556193963034], [3.0987614393234257, 50.595698150668696], [3.098675608634949, 50.59581052447861], [3.098455667495728, 50.59609316045095], [3.0983912944793706, 50.59628385364219], [3.0987238883972172, 50.59634855294225], [3.0992871522903447, 50.595912682254834], [3.099576830863953, 50.595493833963346], [3.099727034568787, 50.595245247442584], [3.0989223718643193, 50.59427813122941], [3.09840738773346, 50.59378094403468], [3.0978870391845708, 50.59351872675524], [3.097795844078064, 50.59352213218382]]]}}, {"type": "Feature", "properties": {"name": "RONCHIN 12", "description": "Restitué le 01.09.2025 — 368 jours", "_umap_options": {"color": "#1565C0", "fillColor": "#1565C0", "weight": 2, "opacity": 1, "fillOpacity": 0.5}}, "geometry": {"type": "Polygon", "coordinates": [[[3.086841702461243, 50.596368984281675], [3.0878716707229614, 50.59668226370922], [3.0880057811737065, 50.596559676355454], [3.0882793664932255, 50.596396226053805], [3.0887353420257573, 50.59627704318437], [3.0891859531402592, 50.5962736379551], [3.089936971664429, 50.596420062591484], [3.0905646085739136, 50.59650859819716], [3.091117143630982, 50.59650519298464], [3.09166431427002, 50.59640303649438], [3.092039823532105, 50.5963008797824], [3.0911225080490117, 50.59556875019162], [3.0902159214019775, 50.595245247442584], [3.0901247262954716, 50.59523503153008], [3.090012073516846, 50.59536102762929], [3.089711666107178, 50.595401891156605], [3.089513182640076, 50.595439349358806], [3.088944554328919, 50.595289516371125], [3.0887353420257573, 50.595425728197824], [3.088214993476868, 50.595309948170254], [3.0876570940017705, 50.59601483980931], [3.0872547626495366, 50.59593992429103], [3.0868899822235107, 50.596287258870696], [3.0868363380432133, 50.596334932044364], [3.086841702461243, 50.596368984281675]]]}}, {"type": "Feature", "properties": {"name": "RONCHIN 15", "description": "Restitué le 03.08.2025 — 397 jours", "_umap_options": {"color": "#1565C0", "fillColor": "#1565C0", "weight": 2, "opacity": 1, "fillOpacity": 0.5}}, "geometry": {"type": "Polygon", "coordinates": [[[3.0913800001144414, 50.59903519798313], [3.09141755104065, 50.59899774264251], [3.09090256690979, 50.59876619987515], [3.089582920074463, 50.59799665249369], [3.089566826820374, 50.59773786382154], [3.088966012001038, 50.59751312513607], [3.0882418155670166, 50.59703980833408], [3.089003562927246, 50.596651616900715], [3.089389801025391, 50.59691722191153], [3.089491724967957, 50.596896790810035], [3.0897331237792973, 50.596661832505774], [3.0898886919021606, 50.59643708868243], [3.0898243188858037, 50.59642346781017], [3.089196681976319, 50.59631790591645], [3.088713884353638, 50.59631109546356], [3.0882257223129277, 50.596464330415124], [3.0880004167556763, 50.59659032322383], [3.0878555774688725, 50.59669247930761], [3.0875766277313232, 50.59715558410666], [3.087630271911621, 50.59749269429327], [3.087962865829468, 50.597788940645856], [3.0881667137146, 50.59787747367668], [3.088966012001038, 50.59807837493668], [3.08916985988617, 50.59814988195788], [3.089786767959595, 50.59853125090277], [3.090720176696778, 50.59908286837353], [3.0913800001144414, 50.59903519798313]]]}}, {"type": "Feature", "properties": {"name": "RONCHIN 19", "description": "Restitué le 16.04.2025 — 506 jours", "_umap_options": {"color": "#1565C0", "fillColor": "#1565C0", "weight": 2, "opacity": 1, "fillOpacity": 0.5}}, "geometry": {"type": "Polygon", "coordinates": [[[3.100048899650574, 50.5999817866956], [3.1001830101013184, 50.60006691064679], [3.1003117561340336, 50.60013841464679], [3.100697994232178, 50.599831968167564], [3.101057410240174, 50.599528924686965], [3.101422190666199, 50.599236094301375], [3.1018137931823735, 50.59894666712996], [3.1019693613052373, 50.59884111089513], [3.1020873785018925, 50.598749174626725], [3.102098107337952, 50.598715124111365], [3.102071285247803, 50.59868107357138], [3.1020444631576543, 50.598640212890885], [3.101996183395386, 50.598619782537334], [3.1018513441085815, 50.5985925420521], [3.1017923355102544, 50.5985925420521], [3.1016099452972417, 50.598599352174894], [3.1014811992645264, 50.59861297241751], [3.1007462739944462, 50.598704908951966], [3.1000918149948125, 50.59880706044628], [3.099464178085327, 50.59889899660162], [3.0991852283477788, 50.59895688223691], [3.099104762077332, 50.59897050237605], [3.0990725755691533, 50.59901136276981], [3.099077939987183, 50.599014767801016], [3.0990725755691533, 50.599014767801016], [3.099104762077332, 50.59905562815636], [3.0991423130035405, 50.5990964884762], [3.099281787872315, 50.59928035947655], [3.099431991577149, 50.59946422975856], [3.0995446443557744, 50.59961745444485], [3.099592924118042, 50.59967874417968], [3.0996465682983403, 50.59972641391825], [3.099705576896668, 50.59978089356035], [3.099727034568787, 50.599801323409906], [3.0998021364212036, 50.59984558805345], [3.100048899650574, 50.5999817866956]]]}}, {"type": "Feature", "properties": {"name": "RONCHIN 24", "description": "Restitué le 17.04.2025 — 505 jours", "_umap_options": {"color": "#1565C0", "fillColor": "#1565C0", "weight": 2, "opacity": 1, "fillOpacity": 0.5}}, "geometry": {"type": "Polygon", "coordinates": [[[3.093091249465943, 50.600771731047416], [3.0947166681289677, 50.60138120491245], [3.095306754112244, 50.601561662140085], [3.0955159664154053, 50.601674021951155], [3.0954837799072266, 50.60170807032577], [3.095532059669495, 50.60175914284152], [3.095709085464478, 50.60185447805598], [3.0961006879806523, 50.602007694960285], [3.0964010953903203, 50.60210643447874], [3.096427917480469, 50.60202471902998], [3.0967444181442265, 50.601667212273284], [3.0970716476440434, 50.60133013198653], [3.0974954366683964, 50.60090792700936], [3.097527623176575, 50.60082620947949], [3.096980452537537, 50.6006423445185], [3.0961811542510986, 50.600284827260246], [3.09565544128418, 50.599998811498175], [3.094271421432495, 50.59901136276981], [3.0937027931213383, 50.599498279731954], [3.094131946563721, 50.59971619897833], [3.0929464101791386, 50.60073768199534], [3.093091249465943, 50.600771731047416]]]}}, {"type": "Feature", "properties": {"name": "RONCHIN 25", "description": "Restitué le 07.06.2025 — 454 jours", "_umap_options": {"color": "#1565C0", "fillColor": "#1565C0", "weight": 2, "opacity": 1, "fillOpacity": 0.5}}, "geometry": {"type": "Polygon", "coordinates": [[[3.0963689088821416, 50.60210643447874], [3.0956500768661503, 50.60184426357796], [3.095510601997376, 50.60198726606854], [3.094947338104248, 50.601827239442976], [3.0938690900802612, 50.60288953366721], [3.093633055686951, 50.602882724165205], [3.0928659439086914, 50.60363176347748], [3.094432353973389, 50.604067562681806], [3.0946040153503422, 50.60387349634709], [3.0956983566284184, 50.60310743721078], [3.0960524082183842, 50.60279420054961], [3.0963152647018437, 50.60241627093303], [3.0963689088821416, 50.60210643447874]]]}}, {"type": "Feature", "properties": {"name": "RONCHIN 26", "description": "Restitué le 13.03.2025 — 540 jours", "_umap_options": {"color": "#1565C0", "fillColor": "#1565C0", "weight": 2, "opacity": 1, "fillOpacity": 0.5}}, "geometry": {"type": "Polygon", "coordinates": [[[3.092458248138428, 50.602317532064646], [3.093466758728028, 50.602804414821456], [3.093826174736023, 50.60286910515825], [3.0941480398178105, 50.602586509874726], [3.0949419736862187, 50.60181021530186], [3.095510601997376, 50.60197024198531], [3.0956500768661503, 50.60183064427048], [3.0954515933990483, 50.60173530900776], [3.0954676866531377, 50.60167061711233], [3.095129728317261, 50.601520803960476], [3.0945289134979252, 50.601333536849985], [3.0938422679901127, 50.60154123305473], [3.0931556224823002, 50.601813620130585], [3.092710375785828, 50.602123458512715], [3.092458248138428, 50.602317532064646]]]}}, {"type": "Feature", "properties": {"name": "RONCHIN 27", "description": "Restitué le 07.06.2025 — 454 jours", "_umap_options": {"color": "#1565C0", "fillColor": "#1565C0", "weight": 2, "opacity": 1, "fillOpacity": 0.5}}, "geometry": {"type": "Polygon", "coordinates": [[[3.0914014577865605, 50.600128199796295], [3.0918788909912114, 50.60036995066331], [3.09241533279419, 50.600465288691964], [3.093885183334351, 50.59934164965038], [3.0941426753997803, 50.59908627339957], [3.0940783023834233, 50.59901136276981], [3.0938047170639043, 50.599007957738344], [3.0923080444335938, 50.59906243821211], [3.0913156270980835, 50.59909989350125], [3.091090321540833, 50.599130538715634], [3.09165358543396, 50.599372294707365], [3.0920559167861943, 50.59953232968071], [3.091540932655335, 50.59996476188688], [3.091363906860352, 50.6001179849436], [3.0914014577865605, 50.600128199796295]]]}}, {"type": "Feature", "properties": {"name": "RONCHIN 33", "description": "Restitué le 07.08.2025 — 393 jours", "_umap_options": {"color": "#1565C0", "fillColor": "#1565C0", "weight": 2, "opacity": 1, "fillOpacity": 0.5}}, "geometry": {"type": "Polygon", "coordinates": [[[3.087147474288941, 50.60140844378361], [3.0898082256317143, 50.60261715281883], [3.0909347534179688, 50.60169104614155], [3.0904304981231694, 50.60144249235039], [3.090183734893799, 50.60133013198653], [3.0899262428283696, 50.601231390839274], [3.0894327163696294, 50.600969215063635], [3.0893039703369145, 50.6009147367971], [3.089202046394348, 50.600856853569816], [3.0887031555175786, 50.60098283462042], [3.0881613492965703, 50.60110541045407], [3.0876517295837402, 50.60122798596844], [3.0872333049774174, 50.60134715630133], [3.087147474288941, 50.60140844378361]]]}}, {"type": "Feature", "properties": {"name": "RONCHIN 36", "description": "Restitué le 16.05.2025 — 476 jours", "_umap_options": {"color": "#1565C0", "fillColor": "#1565C0", "weight": 2, "opacity": 1, "fillOpacity": 0.5}}, "geometry": {"type": "Polygon", "coordinates": [[[3.0911707878112797, 50.60457145048063], [3.091251254081726, 50.604666779997736], [3.091358542442322, 50.604748490858725], [3.0915462970733643, 50.60492553057073], [3.0919378995895386, 50.605112783387426], [3.0923241376876835, 50.60526939426192], [3.0925172567367554, 50.60527279884034], [3.0927532911300664, 50.6050991650259], [3.093536496162415, 50.60546685940414], [3.093708157539368, 50.60531705833762], [3.094008564949036, 50.60483701079801], [3.094233870506287, 50.60438419550973], [3.0943733453750615, 50.60409479999806], [3.093756437301636, 50.60391775716056], [3.092710375785828, 50.60361133529073], [3.092367053031922, 50.60352621775058], [3.0916106700897217, 50.604125441960015], [3.091213703155518, 50.60448293004179], [3.0911493301391606, 50.6045408088091], [3.0911707878112797, 50.60457145048063]]]}}, {"type": "Feature", "properties": {"name": "RONCHIN 37", "description": "Restitué le 27.07.2025 — 404 jours", "_umap_options": {"color": "#1565C0", "fillColor": "#1565C0", "weight": 2, "opacity": 1, "fillOpacity": 0.5}}, "geometry": {"type": "Polygon", "coordinates": [[[3.0941641330718994, 50.6046701846198], [3.094362616539002, 50.604700826207086], [3.0947488546371464, 50.604728063156784], [3.09489369392395, 50.60480296468724], [3.0950707197189335, 50.60486084306086], [3.0954515933990483, 50.605037882350196], [3.09589684009552, 50.60524215762551], [3.096358180046082, 50.60541919548016], [3.0968570709228516, 50.60495276739039], [3.0971896648406987, 50.60457825973826], [3.0967658758163457, 50.604442074398484], [3.0961972475051884, 50.60421055841631], [3.0960470438003544, 50.60420374910547], [3.094872236251831, 50.60381221207513], [3.0944806337356567, 50.60405734868415], [3.094174861907959, 50.60463954301257], [3.0941641330718994, 50.6046701846198]]]}}, {"type": "Feature", "properties": {"name": "RONCHIN 38", "description": "Restitué le 07.05.2025 — 485 jours", "_umap_options": {"color": "#1565C0", "fillColor": "#1565C0", "weight": 2, "opacity": 1, "fillOpacity": 0.5}}, "geometry": {"type": "Polygon", "coordinates": [[[3.09341311454773, 50.605626873652945], [3.0938959121704106, 50.60579710097986], [3.094335794448853, 50.60582093275651], [3.0947756767272954, 50.60603201367969], [3.0955427885055546, 50.606382678281456], [3.0959290266036987, 50.60589242801393], [3.096781969070435, 50.60621926209317], [3.0976724624633794, 50.605494095910466], [3.096680045127869, 50.605153638448414], [3.0963742733001713, 50.60543962288208], [3.095784187316895, 50.605218325555754], [3.0948239564895634, 50.60479615546209], [3.094711303710938, 50.60474168162575], [3.094308972358704, 50.60470423082665], [3.0941265821456914, 50.60468720772629], [3.0938959121704106, 50.60515704303524], [3.0937242507934575, 50.6053919589305], [3.0936384201049805, 50.6054600502751], [3.09341311454773, 50.605626873652945]]]}}, {"type": "Feature", "properties": {"name": "RONCHIN 46", "description": "Restitué le 24.07.2025 — 407 jours", "_umap_options": {"color": "#1565C0", "fillColor": "#1565C0", "weight": 2, "opacity": 1, "fillOpacity": 0.5}}, "geometry": {"type": "Polygon", "coordinates": [[[3.0864557266474524, 50.603641977567506], [3.0865576847229153, 50.60344790947765], [3.086573783366413, 50.603189150779485], [3.086471825290951, 50.602957628632964], [3.085747386333688, 50.60184766840421], [3.083364787096423, 50.60258991464727], [3.0832574628064884, 50.602739724395704], [3.0840248314797325, 50.60370666675294], [3.0841214233406826, 50.603778165222856], [3.084255578703141, 50.60379178396671], [3.0843790016366146, 50.60379178396671], [3.0855917661132186, 50.60304615194114], [3.0864557266474524, 50.603641977567506]]]}}, {"type": "Feature", "properties": {"name": "RONCHIN 47", "description": "Restitué le 16.04.2025 — 506 jours", "_umap_options": {"color": "#1565C0", "fillColor": "#1565C0", "weight": 2, "opacity": 1, "fillOpacity": 0.5}}, "geometry": {"type": "Polygon", "coordinates": [[[3.086498379707337, 50.60677078945398], [3.0881291627883916, 50.607478913870466], [3.0885690450668335, 50.60703633735906], [3.0881291627883916, 50.606818452008824], [3.0877858400344853, 50.60661758805778], [3.087539076805115, 50.60640310526507], [3.0873137712478638, 50.606175003444484], [3.0852806568145756, 50.605470263968286], [3.085017800331116, 50.605868596273524], [3.0849051475524902, 50.60594349598846], [3.086498379707337, 50.60677078945398]]]}}, {"type": "Feature", "properties": {"name": "RONCHIN 49", "description": "Restitué le 05.06.2025 — 456 jours", "_umap_options": {"color": "#1565C0", "fillColor": "#1565C0", "weight": 2, "opacity": 1, "fillOpacity": 0.5}}, "geometry": {"type": "Polygon", "coordinates": [[[3.0881345272064213, 50.60755040660867], [3.087120652198792, 50.608646614991414], [3.0866324901580815, 50.60942279678652], [3.086643218994141, 50.609507903660486], [3.086696863174439, 50.609593010380465], [3.086932897567749, 50.60949428657099], [3.08716893196106, 50.60941939250836], [3.08742105960846, 50.609381945432325], [3.0890840291976933, 50.607952125688904], [3.0881345272064213, 50.60755040660867]]]}}, {"type": "Feature", "properties": {"name": "RONCHIN 61", "description": "Restitué le 29.06.2025 — 432 jours", "_umap_options": {"color": "#1565C0", "fillColor": "#1565C0", "weight": 2, "opacity": 1, "fillOpacity": 0.5}}, "geometry": {"type": "Polygon", "coordinates": [[[3.0785483265589386, 50.60790786867022], [3.0781298588373844, 50.60757423749727], [3.0779206752777104, 50.607386994475995], [3.0776879447530185, 50.60760147278374], [3.077500127245592, 50.60789425111764], [3.0785519052872528, 50.60816660142053], [3.0786216660757186, 50.60819043199701], [3.0817401373219915, 50.61077767993582], [3.0818587976543514, 50.610651725107246], [3.0785483265589386, 50.60790786867022]]]}}, {"type": "Feature", "properties": {"name": "RONCHIN 64", "description": "Restitué le 06.05.2025 — 486 jours", "_umap_options": {"color": "#1565C0", "fillColor": "#1565C0", "weight": 2, "opacity": 1, "fillOpacity": 0.5}}, "geometry": {"type": "Polygon", "coordinates": [[[3.0782894619915573, 50.609535137827606], [3.076904978650986, 50.61016832776966], [3.078144574200073, 50.61124064613775], [3.0785470402874497, 50.61117256315849], [3.0790085347343066, 50.61112830916914], [3.080022749274498, 50.61105001354755], [3.0782894619915573, 50.609535137827606]]]}}, {"type": "Feature", "properties": {"name": "RONCHIN 69", "description": "Restitué le 24.04.2025 — 498 jours", "_umap_options": {"color": "#1565C0", "fillColor": "#1565C0", "weight": 2, "opacity": 1, "fillOpacity": 0.5}}, "geometry": {"type": "Polygon", "coordinates": [[[3.0763918161392216, 50.61285418390684], [3.076326306341755, 50.6133273416614], [3.0766063928604126, 50.61363029628562], [3.0781875173942734, 50.61336138160411], [3.0788487195968632, 50.6133681895897], [3.078305581293411, 50.612942688596895], [3.077693795634198, 50.61250016348157], [3.077850937843323, 50.61242867826473], [3.0777865648269658, 50.612364001070134], [3.0786395072937016, 50.612023593317275], [3.078698515892029, 50.61208827097987], [3.079052567481995, 50.611945299185706], [3.0797231197357178, 50.61270440635976], [3.079964518547058, 50.612527395916565], [3.079401254653931, 50.61219379750162], [3.0789506435394287, 50.61184998441487], [3.0763918161392216, 50.61285418390684]]]}}, {"type": "Feature", "properties": {"name": "RONCHIN 72", "description": "Restitué le 15.05.2025 — 477 jours", "_umap_options": {"color": "#1565C0", "fillColor": "#1565C0", "weight": 2, "opacity": 1, "fillOpacity": 0.5}}, "geometry": {"type": "Polygon", "coordinates": [[[3.0737829394550564, 50.606597161167265], [3.073020936996325, 50.605885618946495], [3.0713681429308353, 50.60681504754223], [3.0720603846011008, 50.607421038717106], [3.0737829394550564, 50.606597161167265]]]}}, {"type": "Feature", "properties": {"name": "RONCHIN 73", "description": "Restitué le 16.04.2025 — 506 jours", "_umap_options": {"color": "#1565C0", "fillColor": "#1565C0", "weight": 2, "opacity": 1, "fillOpacity": 0.5}}, "geometry": {"type": "Polygon", "coordinates": [[[3.0745679140090947, 50.60597413674657], [3.0749005079269414, 50.605599637223506], [3.075007796287537, 50.605490691348024], [3.075285479514549, 50.60560985088639], [3.0753874375900523, 50.605500905034596], [3.0743088284758673, 50.60504469154032], [3.0730960639992633, 50.605865191738204], [3.074346391977376, 50.60699207947896], [3.0757040442454646, 50.60805766148854], [3.0745679140090947, 50.60597413674657]]]}}, {"type": "Feature", "properties": {"name": "RONCHIN 74", "description": "Restitué le 25.05.2025 — 467 jours", "_umap_options": {"color": "#1565C0", "fillColor": "#1565C0", "weight": 2, "opacity": 1, "fillOpacity": 0.5}}, "geometry": {"type": "Polygon", "coordinates": [[[3.075436951526403, 50.605531546080904], [3.075313568115235, 50.60565751461727], [3.0750507116317753, 50.605528141521184], [3.0746322870254517, 50.60600137295927], [3.07575234017592, 50.60810532273981], [3.07587039689488, 50.60822107129192], [3.076917349459283, 50.60656992529944], [3.0762031021937912, 50.60601839558417], [3.075848932036909, 50.60574943739041], [3.075436951526403, 50.605531546080904]]]}}, {"type": "Feature", "properties": {"name": "RONCHIN 75", "description": "Restitué le 24.04.2025 — 498 jours", "_umap_options": {"color": "#1565C0", "fillColor": "#1565C0", "weight": 2, "opacity": 1, "fillOpacity": 0.5}}, "geometry": {"type": "Polygon", "coordinates": [[[3.07817816734314, 50.605133210922375], [3.078575134277344, 50.60458847362284], [3.0779957771301274, 50.60430248401617], [3.0768034122056913, 50.60348195656885], [3.074394139985164, 50.6050106455798], [3.075537143673302, 50.605514523279844], [3.0759342435461656, 50.605718796485974], [3.076964556729856, 50.606505240050204], [3.0773842694041114, 50.605854978130736], [3.0777275562286377, 50.60507873747619], [3.07817816734314, 50.605133210922375]]]}}, {"type": "Feature", "properties": {"name": "RONCHIN 80", "description": "Restitué le 10.06.2025 — 451 jours", "_umap_options": {"color": "#1565C0", "fillColor": "#1565C0", "weight": 2, "opacity": 1, "fillOpacity": 0.5}}, "geometry": {"type": "Polygon", "coordinates": [[[3.094384072414638, 50.598973907410205], [3.095650075069667, 50.59988644768749], [3.096034072971463, 50.60015884434114], [3.0962165242644173, 50.600260992679786], [3.09659215927927, 50.600424429560476], [3.0975688103179526, 50.60081599477827], [3.0978602170944214, 50.600560626527475], [3.098153727698284, 50.60036995066331], [3.0994308867488796, 50.599620859432214], [3.099382590818385, 50.599559569621995], [3.0990189331853384, 50.59972641391825], [3.098133804210424, 50.59890921171888], [3.094933998999308, 50.598834300807326], [3.094931241257233, 50.598973907410205], [3.094384072414638, 50.598973907410205]]]}}, {"type": "Feature", "properties": {"name": "RONCHIN 82", "description": "Restitué le 27.02.2025 — 554 jours", "_umap_options": {"color": "#1565C0", "fillColor": "#1565C0", "weight": 2, "opacity": 1, "fillOpacity": 0.5}}, "geometry": {"type": "Polygon", "coordinates": [[[3.0804153200872353, 50.602167720972204], [3.080731632121801, 50.6019430034393], [3.079449543398534, 50.6016569977546], [3.0782452873228743, 50.604275246820116], [3.0800537016087945, 50.603778165222856], [3.078956004364533, 50.602920176413996], [3.0804153200872353, 50.602167720972204]]]}}, {"type": "Feature", "properties": {"name": "RONCHIN 83", "description": "Restitué le 27.02.2025 — 554 jours", "_umap_options": {"color": "#1565C0", "fillColor": "#1565C0", "weight": 2, "opacity": 1, "fillOpacity": 0.5}}, "geometry": {"type": "Polygon", "coordinates": [[[3.077319864051301, 50.606243093655976], [3.0766418868301764, 50.607342736925744], [3.077623904083371, 50.60758785514246], [3.077883124351502, 50.607312097058866], [3.078709237542197, 50.60739720775093], [3.0805170518076435, 50.60854788919603], [3.0806719139183785, 50.60810872711308], [3.077319864051301, 50.606243093655976]]]}}, {"type": "Feature", "properties": {"name": "RONCHIN 84", "description": "Restitué le 16.07.2025 — 415 jours", "_umap_options": {"color": "#1565C0", "fillColor": "#1565C0", "weight": 2, "opacity": 1, "fillOpacity": 0.5}}, "geometry": {"type": "Polygon", "coordinates": [[[3.099629452853639, 50.600274612441524], [3.09768318591003, 50.60108498117061], [3.0979015317852103, 50.60128246387234], [3.09825033572758, 50.601585496061844], [3.098513280238025, 50.60183745392471], [3.098819154464412, 50.601994075700105], [3.099425536702714, 50.6022902937197], [3.0998602000770874, 50.60147654089253], [3.10027339859345, 50.600598080624316], [3.1003646242399263, 50.60041761970177], [3.100376125557465, 50.6002507778559], [3.099629452853639, 50.600274612441524]]]}}, {"type": "Feature", "properties": {"name": "RONCHIN 85", "description": "Restitué le 12.06.2025 — 449 jours", "_umap_options": {"color": "#1565C0", "fillColor": "#1565C0", "weight": 2, "opacity": 1, "fillOpacity": 0.5}}, "geometry": {"type": "Polygon", "coordinates": [[[3.0805151511439766, 50.60398585063842], [3.0836704852689594, 50.60648481311091], [3.0846095728061718, 50.60603882272595], [3.0808156591558515, 50.60382923549199], [3.0805151511439766, 50.60398585063842]]]}}, {"type": "Feature", "properties": {"name": "RONCHIN APPT 1", "description": "Restitué le 26.02.2024 — 921 jours", "_umap_options": {"color": "#2E7D32", "fillColor": "#2E7D32", "weight": 2, "opacity": 1, "fillOpacity": 0.5}}, "geometry": {"type": "Polygon", "coordinates": [[[3.098852638022858, 50.59327012980389], [3.098635492351694, 50.5930181260749], [3.0977554331740014, 50.59334504957126], [3.097862757463937, 50.593460834431774], [3.098098870901858, 50.593562997307494], [3.098852638022858, 50.59327012980389]]]}}, {"type": "Feature", "properties": {"name": "RONCHIN APPT 2", "description": "Restitué le 03.04.2024 — 884 jours", "_umap_options": {"color": "#2E7D32", "fillColor": "#2E7D32", "weight": 2, "opacity": 1, "fillOpacity": 0.5}}, "geometry": {"type": "Polygon", "coordinates": [[[3.077017550588557, 50.60846278058543], [3.077346682548523, 50.60854788919603], [3.077532707180382, 50.60825511492953], [3.0772125756907047, 50.60817681452621], [3.077017550588557, 50.60846278058543]]]}}, {"type": "Feature", "properties": {"name": "RONCHIN APPT 4", "description": "Restitué le 15.06.2024 — 811 jours", "_umap_options": {"color": "#2E7D32", "fillColor": "#2E7D32", "weight": 2, "opacity": 1, "fillOpacity": 0.5}}, "geometry": {"type": "Polygon", "coordinates": [[[3.0760645974182226, 50.61057683288714], [3.076309018052635, 50.610437260704245], [3.0759411996353108, 50.61016832776966], [3.0756972695998197, 50.610307900750385], [3.0760645974182226, 50.61057683288714]]]}}, {"type": "Feature", "properties": {"name": "RONCHIN APPT 5", "description": "Restitué le 22.02.2024 — 925 jours", "_umap_options": {"color": "#2E7D32", "fillColor": "#2E7D32", "weight": 2, "opacity": 1, "fillOpacity": 0.5}}, "geometry": {"type": "Polygon", "coordinates": [[[3.0758958195362722, 50.61004237130965], [3.0756246989715534, 50.60983811687391], [3.0754718885909242, 50.60987896783201], [3.0754718885909242, 50.61002535014055], [3.0756650723128636, 50.61015811509628], [3.0758958195362722, 50.61004237130965]]]}}, {"type": "Feature", "properties": {"name": "RONCHIN APPT 6", "description": "Restitué le 12.02.2024 — 935 jours", "_umap_options": {"color": "#2E7D32", "fillColor": "#2E7D32", "weight": 2, "opacity": 1, "fillOpacity": 0.5}}, "geometry": {"type": "Polygon", "coordinates": [[[3.0759280311949726, 50.6085206544574], [3.076128959655762, 50.608564910899645], [3.076228539206847, 50.608391289233566], [3.076029989270435, 50.608347032628], [3.0759280311949726, 50.6085206544574]]]}}, {"type": "Feature", "properties": {"name": "RONCHIN APPT 7", "description": "Restitué le 26.03.2024 — 892 jours", "_umap_options": {"color": "#2E7D32", "fillColor": "#2E7D32", "weight": 2, "opacity": 1, "fillOpacity": 0.5}}, "geometry": {"type": "Polygon", "coordinates": [[[3.0721002781224676, 50.6064882176014], [3.0724382256795257, 50.60673334026985], [3.073310703597039, 50.60621585758319], [3.072985407097382, 50.60594349598846], [3.0721002781224676, 50.6064882176014]]]}}, {"type": "Feature", "properties": {"name": "RONCHIN APPT 8", "description": "Restitué le 01.06.2024 — 825 jours", "_umap_options": {"color": "#2E7D32", "fillColor": "#2E7D32", "weight": 2, "opacity": 1, "fillOpacity": 0.5}}, "geometry": {"type": "Polygon", "coordinates": [[[3.0745937642097942, 50.60867725398924], [3.0750498924421388, 50.60885087460004], [3.0752377099496053, 50.60862959331732], [3.0747869479317345, 50.60845256754183], [3.0745937642097942, 50.60867725398924]]]}}, {"type": "Feature", "properties": {"name": "RONCHIN APPT 9", "description": "Restitué le 30.03.2024 — 888 jours", "_umap_options": {"color": "#2E7D32", "fillColor": "#2E7D32", "weight": 2, "opacity": 1, "fillOpacity": 0.5}}, "geometry": {"type": "Polygon", "coordinates": [[[3.076058740767818, 50.607812545719376], [3.0758870219038896, 50.60773084017918], [3.075720669254434, 50.607877229171365], [3.0758816556893773, 50.60796574322474], [3.076058740767818, 50.607812545719376]]]}}, {"type": "Feature", "properties": {"name": "RONCHIN APPT 10", "description": "Restitué le 05.07.2024 — 791 jours", "_umap_options": {"color": "#2E7D32", "fillColor": "#2E7D32", "weight": 2, "opacity": 1, "fillOpacity": 0.5}}, "geometry": {"type": "Polygon", "coordinates": [[[3.075318203167057, 50.60776828856937], [3.075500654460011, 50.60767977414453], [3.0751679491611, 50.60737678119887], [3.0749863440048264, 50.607468700613296], [3.075318203167057, 50.60776828856937]]]}}, {"type": "Feature", "properties": {"name": "RONCHIN APPT 11", "description": "Restitué le 18.07.2024 — 778 jours", "_umap_options": {"color": "#2E7D32", "fillColor": "#2E7D32", "weight": 2, "opacity": 1, "fillOpacity": 0.5}}, "geometry": {"type": "Polygon", "coordinates": [[[3.0758816556893773, 50.60719294183129], [3.076026543480822, 50.607097617432004], [3.0752538085930636, 50.60656652081485], [3.075119653230605, 50.60666525076783], [3.0758816556893773, 50.60719294183129]]]}}, {"type": "Feature", "properties": {"name": "RONCHIN APPT 12", "description": "Restitué le 19.01.2025 — 593 jours", "_umap_options": {"color": "#2E7D32", "fillColor": "#2E7D32", "weight": 2, "opacity": 1, "fillOpacity": 0.5}}, "geometry": {"type": "Polygon", "coordinates": [[[3.0767348837946256, 50.606682273152565], [3.076600728432166, 50.606641419418835], [3.0765309676436607, 50.60677078945396], [3.076638291933636, 50.60683887880326], [3.0767348837946256, 50.606682273152565]]]}}, {"type": "Feature", "properties": {"name": "RONCHIN APPT 13", "description": "Restitué le 28.08.2024 — 737 jours", "_umap_options": {"color": "#2E7D32", "fillColor": "#2E7D32", "weight": 2, "opacity": 1, "fillOpacity": 0.5}}, "geometry": {"type": "Polygon", "coordinates": [[[3.073112689008233, 50.60586178720263], [3.0733488024461546, 50.606093295060674], [3.0738585928235063, 50.60582774183331], [3.073537947543859, 50.605589423558406], [3.073112689008233, 50.60586178720263]]]}}, {"type": "Feature", "properties": {"name": "RONCHIN APPT 14", "description": "Restitué le 17.06.2024 — 809 jours", "_umap_options": {"color": "#2E7D32", "fillColor": "#2E7D32", "weight": 2, "opacity": 1, "fillOpacity": 0.5}}, "geometry": {"type": "Polygon", "coordinates": [[[3.076080902655583, 50.604666779997736], [3.075045338231411, 50.60467358924161], [3.075044526227586, 50.604758704706384], [3.0750391600131137, 50.60504469154032], [3.0760648668885087, 50.60504469154032], [3.076080902655583, 50.604666779997736]]]}}, {"type": "Feature", "properties": {"name": "RONCHIN APPT 15", "description": "Restitué le 15.07.2023 — 1147 jours", "_umap_options": {"color": "#2E7D32", "fillColor": "#2E7D32", "weight": 2, "opacity": 1, "fillOpacity": 0.5}}, "geometry": {"type": "Polygon", "coordinates": [[[3.086325039912699, 50.589115301512635], [3.0865343082137064, 50.58915276471737], [3.0866324887222305, 50.58895182536133], [3.0864216252824015, 50.58891436199668], [3.086325039912699, 50.589115301512635]]]}}, {"type": "Feature", "properties": {"name": "RONCHIN APPT 17", "description": "Restitué le 24.11.2023 — 1015 jours", "_umap_options": {"color": "#2E7D32", "fillColor": "#2E7D32", "weight": 2, "opacity": 1, "fillOpacity": 0.5}}, "geometry": {"type": "Polygon", "coordinates": [[[3.0860102162307754, 50.59138688011983], [3.0861003072564945, 50.5912029782831], [3.085370551129927, 50.59105313181091], [3.0852806539428728, 50.59123022304496], [3.0860102162307754, 50.59138688011983]]]}}, {"type": "Feature", "properties": {"name": "RONCHIN APPT 18", "description": "Restitué le 21.02.2024 — 926 jours", "_umap_options": {"color": "#2E7D32", "fillColor": "#2E7D32", "weight": 2, "opacity": 1, "fillOpacity": 0.5}}, "geometry": {"type": "Polygon", "coordinates": [[[3.0844154291406682, 50.59250730356656], [3.0845832824707036, 50.592541358572916], [3.084678355980409, 50.59234043367942], [3.084517380364251, 50.592309784043984], [3.0844154291406682, 50.59250730356656]]]}}, {"type": "Feature", "properties": {"name": "RONCHIN APPT 19", "description": "Restitué le 01.07.2025 — 430 jours", "_umap_options": {"color": "#2E7D32", "fillColor": "#2E7D32", "weight": 2, "opacity": 1, "fillOpacity": 0.5}}, "geometry": {"type": "Polygon", "coordinates": [[[3.0932433807814474, 50.59761868434924], [3.0939624535242376, 50.59778213040581], [3.0945235275222602, 50.59691041154536], [3.0952503450038193, 50.597090885915904], [3.095427430082261, 50.596913816728545], [3.0949391045629198, 50.59643027824679], [3.094751287055493, 50.596661832505774], [3.0943917506840983, 50.59657670239589], [3.0942714142466037, 50.59675377285147], [3.093912009017426, 50.59665502210263], [3.0932433807814474, 50.59761868434924]]]}}, {"type": "Feature", "properties": {"name": "RONCHIN APPT 24", "description": "Restitué le 16.04.2025 — 506 jours", "_umap_options": {"color": "#2E7D32", "fillColor": "#2E7D32", "weight": 2, "opacity": 1, "fillOpacity": 0.5}}, "geometry": {"type": "Polygon", "coordinates": [[[3.0928445113871343, 50.601823834615274], [3.0916160381006783, 50.601262034665766], [3.0899447722567213, 50.60262055758916], [3.0907711692894457, 50.60299508082211], [3.0912326637363035, 50.60314488928072], [3.0928445113871343, 50.601823834615274]]]}}, {"type": "Feature", "properties": {"name": "RONCHIN APPT 25", "description": "Restitué le 14.09.2024 — 720 jours", "_umap_options": {"color": "#2E7D32", "fillColor": "#2E7D32", "weight": 2, "opacity": 1, "fillOpacity": 0.5}}, "geometry": {"type": "Polygon", "coordinates": [[[3.0927952202130315, 50.60361133529073], [3.093519659170294, 50.60294741439437], [3.09353039159928, 50.602882724165205], [3.0932406160163914, 50.60274653391836], [3.0923820216966296, 50.60349557539843], [3.092597724803685, 50.60355345538018], [3.0927952202130315, 50.60361133529073]]]}}, {"type": "Feature", "properties": {"name": "RONCHIN APPT 27", "description": "Restitué le 11.07.2024 — 785 jours", "_umap_options": {"color": "#2E7D32", "fillColor": "#2E7D32", "weight": 2, "opacity": 1, "fillOpacity": 0.5}}, "geometry": {"type": "Polygon", "coordinates": [[[3.0997649968862766, 50.603563669487215], [3.0993732632278848, 50.60333555390191], [3.0988098107055655, 50.603750927723326], [3.0992391078654262, 50.60397904129506], [3.0997649968862766, 50.603563669487215]]]}}, {"type": "Feature", "properties": {"name": "RONCHIN APPT 28", "description": "Restitué le 21.09.2024 — 713 jours", "_umap_options": {"color": "#2E7D32", "fillColor": "#2E7D32", "weight": 2, "opacity": 1, "fillOpacity": 0.5}}, "geometry": {"type": "Polygon", "coordinates": [[[3.0964906359493276, 50.60613414927031], [3.0962187051773076, 50.60601839558417], [3.0957286334905953, 50.606430341229434], [3.0959773117553757, 50.60654268941586], [3.0964906359493276, 50.60613414927031]]]}}, {"type": "Feature", "properties": {"name": "RONCHIN APPT 29", "description": "Restitué le 08.04.2024 — 879 jours", "_umap_options": {"color": "#2E7D32", "fillColor": "#2E7D32", "weight": 2, "opacity": 1, "fillOpacity": 0.5}}, "geometry": {"type": "Polygon", "coordinates": [[[3.093080524222809, 50.60618521698249], [3.094548463320446, 50.60644395920571], [3.0947220325469975, 50.60603541820294], [3.0932337407683796, 50.60576986464895], [3.093080524222809, 50.60618521698249]]]}}, {"type": "Feature", "properties": {"name": "RONCHIN APPT 30", "description": "Restitué le 31.08.2023 — 1100 jours", "_umap_options": {"color": "#2E7D32", "fillColor": "#2E7D32", "weight": 2, "opacity": 1, "fillOpacity": 0.5}}, "geometry": {"type": "Polygon", "coordinates": [[[3.0942499655568594, 50.60698186611609], [3.094019299174505, 50.607162301866886], [3.0923777836644644, 50.606379273783304], [3.092139537818413, 50.60654949838824], [3.094114304753788, 50.60753678895263], [3.094604031518569, 50.60715889742517], [3.0942499655568594, 50.60698186611609]]]}}, {"type": "Feature", "properties": {"name": "RONCHIN APPT 31", "description": "Restitué le 03.05.2024 — 854 jours", "_umap_options": {"color": "#2E7D32", "fillColor": "#2E7D32", "weight": 2, "opacity": 1, "fillOpacity": 0.5}}, "geometry": {"type": "Polygon", "coordinates": [[[3.090857217350723, 50.609021090263155], [3.0910182037856657, 50.60910619786379], [3.0911255280756404, 50.60912321936543], [3.0912972469396087, 50.60905513332187], [3.092365123624768, 50.60835724569451], [3.092703195138152, 50.60826873237765], [3.0928373505006106, 50.608207453829976], [3.092907111289077, 50.60813255771889], [3.092896378860091, 50.60803723522322], [3.092821251857112, 50.60796574322474], [3.09266026542217, 50.60784658965254], [3.0925905046336637, 50.607812545719376], [3.090857217350723, 50.609021090263155]]]}}, {"type": "Feature", "properties": {"name": "RONCHIN APPT 32", "description": "Restitué le 12.02.2024 — 935 jours", "_umap_options": {"color": "#2E7D32", "fillColor": "#2E7D32", "weight": 2, "opacity": 1, "fillOpacity": 0.5}}, "geometry": {"type": "Polygon", "coordinates": [[[3.0862408822524983, 50.60757083308535], [3.086776230006145, 50.60779552374353], [3.086883554296121, 50.60767977414453], [3.0863415666317717, 50.6074550829336], [3.0862408822524983, 50.60757083308535]]]}}, {"type": "Feature", "properties": {"name": "RONCHIN APPT 33", "description": "Restitué le 31.08.2024 — 734 jours", "_umap_options": {"color": "#2E7D32", "fillColor": "#2E7D32", "weight": 2, "opacity": 1, "fillOpacity": 0.5}}, "geometry": {"type": "Polygon", "coordinates": [[[3.086348176002503, 50.6107164046559], [3.086899652939619, 50.610331730242294], [3.0864596233507324, 50.6100559882405], [3.0856776363240406, 50.61058704546963], [3.086627132925943, 50.61114873409247], [3.0868579232645836, 50.61099554695131], [3.086348176002503, 50.6107164046559]]]}}, {"type": "Feature", "properties": {"name": "RONCHIN APPT 34", "description": "Restitué le 11.01.2024 — 967 jours", "_umap_options": {"color": "#2E7D32", "fillColor": "#2E7D32", "weight": 2, "opacity": 1, "fillOpacity": 0.5}}, "geometry": {"type": "Polygon", "coordinates": [[[3.0828586311379973, 50.60891215230972], [3.0824643319595295, 50.60927300831441], [3.0835800931839024, 50.609797265880346], [3.083757124368294, 50.60964747860049], [3.083569348179616, 50.60955896771095], [3.0837840003524923, 50.60936492402428], [3.0828586311379973, 50.60891215230972]]]}}, {"type": "Feature", "properties": {"name": "RONCHIN APPT 35", "description": "Restitué le 17.01.2024 — 961 jours", "_umap_options": {"color": "#2E7D32", "fillColor": "#2E7D32", "weight": 2, "opacity": 1, "fillOpacity": 0.5}}, "geometry": {"type": "Polygon", "coordinates": [[[3.0789077335845993, 50.61172743656858], [3.07874678487548, 50.61159127192052], [3.0784327652978187, 50.611751265341475], [3.078583019303776, 50.611884025426605], [3.0789077335845993, 50.61172743656858]]]}}, {"type": "Feature", "properties": {"name": "RONCHIN APPT 36", "description": "Restitué le 26.03.2024 — 892 jours", "_umap_options": {"color": "#2E7D32", "fillColor": "#2E7D32", "weight": 2, "opacity": 1, "fillOpacity": 0.5}}, "geometry": {"type": "Polygon", "coordinates": [[[3.078754738167704, 50.612581860739276], [3.0787092357457544, 50.613106081433315], [3.0790552461796192, 50.61311629346677], [3.079071344823117, 50.6128099314994], [3.0790901130187946, 50.61264653763431], [3.079084761176066, 50.61255462833581], [3.0790337813216078, 50.61249335537036], [3.0786098503762593, 50.61206444237768], [3.07835763829484, 50.612166564873505], [3.078754738167704, 50.612581860739276]]]}}, {"type": "Feature", "properties": {"name": "RONCHIN APPT 37", "description": "Restitué le 23.05.2024 — 834 jours", "_umap_options": {"color": "#2E7D32", "fillColor": "#2E7D32", "weight": 2, "opacity": 1, "fillOpacity": 0.5}}, "geometry": {"type": "Polygon", "coordinates": [[[3.0764920046931947, 50.612469526973356], [3.076669089771636, 50.612398041709945], [3.076636892484679, 50.61235038480731], [3.0768155997741657, 50.612275495291364], [3.076450842702219, 50.61190104592326], [3.0753329023615588, 50.612272091219616], [3.075134352425147, 50.6122652830754], [3.075112887567136, 50.612449102623465], [3.075928552170875, 50.61217677711089], [3.0764920046931947, 50.612469526973356]]]}}, {"type": "Feature", "properties": {"name": "RONCHIN APPT 38", "description": "Restitué le 05.09.2024 — 729 jours", "_umap_options": {"color": "#2E7D32", "fillColor": "#2E7D32", "weight": 2, "opacity": 1, "fillOpacity": 0.5}}, "geometry": {"type": "Polygon", "coordinates": [[[3.076992629162074, 50.60076832614333], [3.077094544122305, 50.6009555955029], [3.077620246310407, 50.60086706826216], [3.0782352537201656, 50.60077854085488], [3.0782961881327213, 50.60033930625594], [3.07766318860169, 50.60029163713814], [3.0769549955983293, 50.6002507778559], [3.0769013514180314, 50.60058446095619], [3.076992629162074, 50.60076832614333]]]}}, {"type": "Feature", "properties": {"name": "RONCHIN APPT 41", "description": "Restitué le 26.03.2024 — 892 jours", "_umap_options": {"color": "#2E7D32", "fillColor": "#2E7D32", "weight": 2, "opacity": 1, "fillOpacity": 0.5}}, "geometry": {"type": "Polygon", "coordinates": [[[3.082888140324971, 50.602378818283206], [3.083022227522916, 50.6022902937197], [3.0832313723930187, 50.6022902937197], [3.08367134303202, 50.60183064427048], [3.0846315785099114, 50.602123458512715], [3.0848246231500647, 50.601953217895904], [3.083510433743926, 50.601517399110584], [3.0829203500859497, 50.60216431616911], [3.082019023219367, 50.60184766840421], [3.0818581929907523, 50.60202131421652], [3.082888140324971, 50.602378818283206]]]}}, {"type": "Feature", "properties": {"name": "RONCHIN APPT 46", "description": "Restitué le 02.10.2024 — 702 jours", "_umap_options": {"color": "#2E7D32", "fillColor": "#2E7D32", "weight": 2, "opacity": 1, "fillOpacity": 0.5}}, "geometry": {"type": "Polygon", "coordinates": [[[3.078143731656398, 50.60539876806938], [3.0786749868917216, 50.605538355199585], [3.0790452556921015, 50.6050106455798], [3.078516132864908, 50.60486084306086], [3.078143731656398, 50.60539876806938]]]}}, {"type": "Feature", "properties": {"name": "TEMPLEMARS 3", "description": "Restitué le 26.07.2025 — 405 jours", "_umap_options": {"color": "#1565C0", "fillColor": "#1565C0", "weight": 2, "opacity": 1, "fillOpacity": 0.5}}, "geometry": {"type": "Polygon", "coordinates": [[[3.053110241889954, 50.578934422471875], [3.0539041757583623, 50.57883222785173], [3.05420994758606, 50.578246307749424], [3.054666494207448, 50.577500271023965], [3.053732514381409, 50.577377633719024], [3.052755716105385, 50.57723114985298], [3.052525520324707, 50.57812707892911], [3.052412867546082, 50.57859036636731], [3.0523055791854863, 50.5789923326582], [3.052364587783814, 50.57900595857406], [3.053110241889954, 50.578934422471875]]]}}, {"type": "Feature", "properties": {"name": "TEMPLEMARS 6", "description": "Restitué le 15.04.2025 — 507 jours", "_umap_options": {"color": "#1565C0", "fillColor": "#1565C0", "weight": 2, "opacity": 1, "fillOpacity": 0.5}}, "geometry": {"type": "Polygon", "coordinates": [[[3.0539893525423882, 50.57883916807771], [3.0541241168975835, 50.57883563434263], [3.0548912286758427, 50.57894464192169], [3.056280612945557, 50.57915924985569], [3.0565381050109868, 50.57881519539346], [3.0568170547485356, 50.57840982106936], [3.0569243431091313, 50.57822927507928], [3.0573642253875737, 50.57829740572287], [3.0588072538375854, 50.578467731900695], [3.058817982673645, 50.578035102204375], [3.055851459503174, 50.57768763295661], [3.054735660552979, 50.57753433688535], [3.054306507110596, 50.578225868544514], [3.0539893525423882, 50.57883916807771]]]}}, {"type": "Feature", "properties": {"name": "TEMPLEMARS 19", "description": "Restitué le 24.06.2025 — 437 jours", "_umap_options": {"color": "#1565C0", "fillColor": "#1565C0", "weight": 2, "opacity": 1, "fillOpacity": 0.5}}, "geometry": {"type": "Polygon", "coordinates": [[[3.047385659123894, 50.57131350208972], [3.0463014535715964, 50.57181774054289], [3.0475574144588884, 50.573732434700815], [3.0485450076352065, 50.57546990119239], [3.0495111313946808, 50.575306377666315], [3.047385659123894, 50.57131350208972]]]}}, {"type": "Feature", "properties": {"name": "TEMPLEMARS 23", "description": "Restitué le 09.11.2024 — 664 jours", "_umap_options": {"color": "#1565C0", "fillColor": "#1565C0", "weight": 2, "opacity": 1, "fillOpacity": 0.5}}, "geometry": {"type": "Polygon", "coordinates": [[[3.057407140731812, 50.56810737324624], [3.0579382145238347, 50.56862527493315], [3.0584841797323974, 50.56907502704277], [3.0583500243699384, 50.56939189526937], [3.058199770363981, 50.5697121685156], [3.0581246433610025, 50.569909782836774], [3.0585229324961154, 50.570158503131815], [3.0602389318733496, 50.56844809868089], [3.05936423891013, 50.567933602325816], [3.057407140731812, 50.56810737324624]]]}}, {"type": "Feature", "properties": {"name": "VENDEVILLE 2", "description": "Restitué le 03.03.2025 — 550 jours", "_umap_options": {"color": "#1565C0", "fillColor": "#1565C0", "weight": 2, "opacity": 1, "fillOpacity": 0.5}}, "geometry": {"type": "Polygon", "coordinates": [[[3.073650598526001, 50.578209687501015], [3.074207156896591, 50.57849753891847], [3.07442307472229, 50.578618470054266], [3.0744954943656926, 50.57865083185486], [3.0757641792297368, 50.579263146996226], [3.076913139698503, 50.5798371319862], [3.077822327722971, 50.57776939055333], [3.07605654001236, 50.57754455663894], [3.075157999992371, 50.57740318318389], [3.0747543275356297, 50.57734867764209], [3.0744177103042607, 50.57724903453545], [3.0741588771343236, 50.57754200170074], [3.0741320550441746, 50.57756244120241], [3.074036836624146, 50.577660380358175], [3.073961734771729, 50.577767687373296], [3.0737484991550446, 50.57807938731647], [3.073650598526001, 50.578209687501015]]]}}, {"type": "Feature", "properties": {"name": "VENDEVILLE 3", "description": "Restitué le 20.08.2025 — 380 jours", "_umap_options": {"color": "#1565C0", "fillColor": "#1565C0", "weight": 2, "opacity": 1, "fillOpacity": 0.5}}, "geometry": {"type": "Polygon", "coordinates": [[[3.079878687858582, 50.57844729279189], [3.0797204375267033, 50.578741104128426], [3.079528659582138, 50.57911581737655], [3.0798451602458954, 50.57924952115479], [3.0800758302211766, 50.57934745680248], [3.080699443817139, 50.57771829211099], [3.0813071803801733, 50.57615287036992], [3.0807571113109593, 50.57594769324267], [3.0801603198051453, 50.57580375996222], [3.078772276639939, 50.57552100217787], [3.078337758779526, 50.57669460622083], [3.0781204998493195, 50.57723029820127], [3.078065514564514, 50.57738785350664], [3.077990412712097, 50.577574364240974], [3.0779582262039185, 50.577674006659365], [3.0779206752777104, 50.57772169868245], [3.0792738497257237, 50.57800529489394], [3.0797016620635986, 50.57809045858801], [3.0800275504589085, 50.578153479622486], [3.079878687858582, 50.57844729279189]]]}}, {"type": "Feature", "properties": {"name": "VENDEVILLE 5", "description": "Restitué le 23.07.2025 — 408 jours", "_umap_options": {"color": "#1565C0", "fillColor": "#1565C0", "weight": 2, "opacity": 1, "fillOpacity": 0.5}}, "geometry": {"type": "Polygon", "coordinates": [[[3.074659109115601, 50.576634989884425], [3.0745732784271245, 50.57692796086902], [3.0744324624538426, 50.57722518829065], [3.0753216147422795, 50.57740062823803], [3.07618260383606, 50.57751474901806], [3.0764608827807476, 50.576454437091016], [3.0765205621719365, 50.57616146316114], [3.0766224861145024, 50.57590766450467], [3.0766278505325317, 50.575848047172286], [3.076546043157578, 50.575745845855444], [3.0766385793685913, 50.57562320398254], [3.0766165067228406, 50.57550396852222], [3.0764521658420563, 50.57537195748192], [3.076509833335877, 50.57522206062636], [3.0765735759801998, 50.57504746425568], [3.075695782899857, 50.57492482056447], [3.0753873288631444, 50.5748473164005], [3.0749851385025284, 50.574710193336465], [3.074659109115601, 50.576634989884425]]]}}, {"type": "Feature", "properties": {"name": "VENDEVILLE 9", "description": "Restitué le 17.07.2025 — 414 jours", "_umap_options": {"color": "#1565C0", "fillColor": "#1565C0", "weight": 2, "opacity": 1, "fillOpacity": 0.5}}, "geometry": {"type": "Polygon", "coordinates": [[[3.078719445402394, 50.5754392405745], [3.0789501926258027, 50.57494866797387], [3.0790897142027744, 50.5746284303257], [3.079149103652452, 50.574376326815845], [3.0792828979247138, 50.57394365953926], [3.0793419262841937, 50.57355527765441], [3.0772973985603524, 50.57340537501784], [3.0772598350588836, 50.57369495922731], [3.0764280718116463, 50.573674518047405], [3.076460269098642, 50.57417873122979], [3.0764012407391625, 50.574437649415394], [3.07620269080271, 50.57465227788517], [3.0761275637997314, 50.5749180070167], [3.078719445402394, 50.5754392405745]]]}}, {"type": "Feature", "properties": {"name": "VENDEVILLE APPT 1", "description": "Restitué le 20.01.2024 — 958 jours", "_umap_options": {"color": "#2E7D32", "fillColor": "#2E7D32", "weight": 2, "opacity": 1, "fillOpacity": 0.5}}, "geometry": {"type": "Polygon", "coordinates": [[[3.0783659093989213, 50.5753574788292], [3.078675498885249, 50.57541880015149], [3.078981373111676, 50.57488053248637], [3.0786234194290216, 50.574815803681986], [3.0783659093989213, 50.5753574788292]]]}}, {"type": "Feature", "properties": {"name": "WATTIGNIES 3", "description": "Restitué le 01.09.2025 — 368 jours", "_umap_options": {"color": "#1565C0", "fillColor": "#1565C0", "weight": 2, "opacity": 1, "fillOpacity": 0.5}}, "geometry": {"type": "Polygon", "coordinates": [[[3.026679754257202, 50.58336604918184], [3.027586340904236, 50.58393146886323], [3.02766422792343, 50.58478299171661], [3.029045462608338, 50.58513722068845], [3.029603362083435, 50.58476936747216], [3.0300593376159672, 50.58391103212551], [3.030487028421218, 50.58299818212941], [3.029217123985291, 50.58266437435417], [3.0290722846984868, 50.58259625002767], [3.029045462608338, 50.5824770322192], [3.0289489030838013, 50.582371439051094], [3.027897477149964, 50.582088720693406], [3.027468323707581, 50.58286534054312], [3.026679754257202, 50.58336604918184]]]}}, {"type": "Feature", "properties": {"name": "WATTIGNIES 10", "description": "Restitué le 24.07.2025 — 407 jours", "_umap_options": {"color": "#1565C0", "fillColor": "#1565C0", "weight": 2, "opacity": 1, "fillOpacity": 0.5}}, "geometry": {"type": "Polygon", "coordinates": [[[3.0356705188751225, 50.58076366866401], [3.036432266235352, 50.58195928280662], [3.0368721485137944, 50.58277677927742], [3.037129640579224, 50.58273931099947], [3.0374729561472384, 50.582677999207625], [3.0379343284342535, 50.582569000269494], [3.0384385477996743, 50.58243275124204], [3.0389965370982, 50.58226243940337], [3.039854750566611, 50.581962689071375], [3.040793538093567, 50.58161184250928], [3.0412924289703374, 50.58136318268356], [3.0356705188751225, 50.58076366866401]]]}}, {"type": "Feature", "properties": {"name": "WATTIGNIES 11", "description": "Restitué le 21.07.2025 — 410 jours", "_umap_options": {"color": "#1565C0", "fillColor": "#1565C0", "weight": 2, "opacity": 1, "fillOpacity": 0.5}}, "geometry": {"type": "Polygon", "coordinates": [[[3.0386048628863365, 50.583297925870426], [3.040279121809797, 50.58393828110715], [3.042125099597226, 50.58458543978641], [3.0429339516662695, 50.584748931098126], [3.0432520046418663, 50.583645353728386], [3.045430687728166, 50.583863346369725], [3.0458277876010706, 50.582364626580485], [3.0453770255831984, 50.582105751967816], [3.044818939275391, 50.58181281318987], [3.044185725964566, 50.58173787507027], [3.043466653221816, 50.581581185889405], [3.0413416322804836, 50.58141087097107], [3.0401288678038805, 50.581942251479234], [3.0388087790373017, 50.58243275124204], [3.037392098409733, 50.58278699789349], [3.0386048628863365, 50.583297925870426]]]}}, {"type": "Feature", "properties": {"name": "WATTIGNIES 17", "description": "Restitué le 03.09.2025 — 366 jours", "_umap_options": {"color": "#1565C0", "fillColor": "#1565C0", "weight": 2, "opacity": 1, "fillOpacity": 0.5}}, "geometry": {"type": "Polygon", "coordinates": [[[3.0366146564483643, 50.58566855914984], [3.0376231670379643, 50.585307522130215], [3.0378374179031336, 50.58527686791616], [3.0389804911085037, 50.58533817632433], [3.039039378787236, 50.584868143155056], [3.039178842877193, 50.584673997650704], [3.0386155933558094, 50.58451050607885], [3.037778735160828, 50.584503693917675], [3.037832051362282, 50.58468421585512], [3.0375100589100605, 50.584881767370895], [3.037290030734341, 50.584888579477365], [3.036989504445607, 50.584847706823865], [3.0369465721186732, 50.58464334302422], [3.0365709142577355, 50.58465696730514], [3.0365762807986267, 50.584881767370895], [3.035911917686463, 50.5849090157908], [3.0360406637191777, 50.584561597256034], [3.0358410646993854, 50.58451731823901], [3.0360557263341725, 50.584098368555736], [3.0362864875915956, 50.58394849947118], [3.036383986473084, 50.583740725633156], [3.0360609548904414, 50.58366238443984], [3.0358892255825873, 50.58354998163046], [3.0356490612030034, 50.584088150224204], [3.0354438026903368, 50.584609282304726], [3.035493493080139, 50.584817052310456], [3.0356047989164474, 50.58493285814527], [3.0358153581619267, 50.5850929422127], [3.0366146564483643, 50.58566855914984]]]}}, {"type": "Feature", "properties": {"name": "WATTIGNIES 19", "description": "Restitué le 20.06.2025 — 441 jours", "_umap_options": {"color": "#1565C0", "fillColor": "#1565C0", "weight": 2, "opacity": 1, "fillOpacity": 0.5}}, "geometry": {"type": "Polygon", "coordinates": [[[3.036679029464722, 50.58694238463331], [3.0362434172799984, 50.58619648565735], [3.034436702728272, 50.5861998916156], [3.0342006683349614, 50.58810718953702], [3.0347585246948277, 50.58973514342999], [3.034940882571387, 50.59010976920372], [3.0355634604625075, 50.589939485130664], [3.037033081054688, 50.589517177971736], [3.0390608310699467, 50.58893820232308], [3.0392432248758854, 50.58887008707282], [3.0394470691680913, 50.58880197172398], [3.039071059977068, 50.588294509273375], [3.037816286087036, 50.58867255228971], [3.0373227596282963, 50.58910849001767], [3.036747347780207, 50.58926515415271], [3.0362498760223393, 50.589374137591356], [3.035781370423543, 50.58931283443815], [3.0353701114654545, 50.58921066233877], [3.0350267887115483, 50.588965448395605], [3.034761727658202, 50.588185523335625], [3.034780025482178, 50.58747370272505], [3.0353057384490967, 50.58718079733914], [3.036044347908931, 50.58712970900378], [3.036679029464722, 50.58694238463331]]]}}, {"type": "Feature", "properties": {"name": "WATTIGNIES 20", "description": "Restitué le 06.08.2025 — 394 jours", "_umap_options": {"color": "#1565C0", "fillColor": "#1565C0", "weight": 2, "opacity": 1, "fillOpacity": 0.5}}, "geometry": {"type": "Polygon", "coordinates": [[[3.036007157865606, 50.58716717378846], [3.0354452133178715, 50.58723188561901], [3.0351930856704716, 50.58731022087388], [3.035010695457459, 50.58740558535605], [3.034837251955858, 50.58764058986266], [3.034810419251519, 50.588079942967845], [3.0349123835280616, 50.588430741340815], [3.0350841128359156, 50.58886327554236], [3.0353578064203117, 50.589115301512635], [3.035761713981629, 50.589278777096325], [3.0361640453338627, 50.58930261723818], [3.036452580757856, 50.58928218283161], [3.036807775497437, 50.589183416408154], [3.0372798442840576, 50.58904037501374], [3.0374239246553714, 50.58895523112027], [3.037617802619934, 50.58875429092116], [3.037858614465878, 50.5885976250862], [3.039034008979798, 50.58825023376658], [3.038797974586487, 50.58789262237783], [3.038551211357117, 50.58770870689169], [3.038202524185181, 50.58758609616848], [3.03796648979187, 50.587579284452275], [3.037708997726441, 50.587582690310505], [3.037542700767517, 50.58806972550033], [3.0360406637191777, 50.58799139150906], [3.036007157865606, 50.58716717378846]]]}}, {"type": "Feature", "properties": {"name": "WATTIGNIES 25", "description": "Restitué le 04.06.2025 — 457 jours", "_umap_options": {"color": "#1565C0", "fillColor": "#1565C0", "weight": 2, "opacity": 1, "fillOpacity": 0.5}}, "geometry": {"type": "Polygon", "coordinates": [[[3.0510449409484868, 50.59728498022139], [3.0507713556289673, 50.59729860084435], [3.0505567789077763, 50.59729179053336], [3.0490225104395434, 50.59798643717837], [3.0498218536376953, 50.59835759221284], [3.0498058250564735, 50.5983984531387], [3.0494034290313725, 50.59868788368135], [3.049596548080445, 50.59884451593866], [3.050083235808404, 50.59884111089513], [3.050127625465393, 50.59907946334723], [3.051500916481018, 50.59911351359901], [3.0512541532516484, 50.59820776851449], [3.0510449409484868, 50.59728498022139]]]}}, {"type": "Feature", "properties": {"name": "WATTIGNIES APPT 11", "description": "Restitué le 08.06.2024 — 818 jours", "_umap_options": {"color": "#2E7D32", "fillColor": "#2E7D32", "weight": 2, "opacity": 1, "fillOpacity": 0.5}}, "geometry": {"type": "Polygon", "coordinates": [[[3.036156516081321, 50.587953927380234], [3.03749820190848, 50.58801523230282], [3.037653837464403, 50.58761674887923], [3.0368917599146177, 50.58747370272505], [3.0366395229791197, 50.58709224418931], [3.0361350491081223, 50.58721145031372], [3.036156516081321, 50.587953927380234]]]}}, {"type": "Feature", "properties": {"name": "WATTIGNIES APPT 14", "description": "Restitué le 22.01.2025 — 590 jours", "_umap_options": {"color": "#2E7D32", "fillColor": "#2E7D32", "weight": 2, "opacity": 1, "fillOpacity": 0.5}}, "geometry": {"type": "Polygon", "coordinates": [[[3.043741401465093, 50.587505036645325], [3.044477107313015, 50.58763445928883], [3.044525438354145, 50.58749141318849], [3.043800839826205, 50.58736539615564], [3.043741401465093, 50.587505036645325]]]}}, {"type": "Feature", "properties": {"name": "WATTIGNIES APPT 16", "description": "Restitué le 20.07.2025 — 411 jours", "_umap_options": {"color": "#2E7D32", "fillColor": "#2E7D32", "weight": 2, "opacity": 1, "fillOpacity": 0.5}}, "geometry": {"type": "Polygon", "coordinates": [[[3.041480180008454, 50.5786857485095], [3.0405977153592594, 50.57837916236509], [3.0400049578643706, 50.57911837222935], [3.040876758513163, 50.57941473421637], [3.041480180008454, 50.5786857485095]]]}}, {"type": "Feature", "properties": {"name": "WATTIGNIES APPT 18", "description": "Restitué le 27.07.2024 — 769 jours", "_umap_options": {"color": "#2E7D32", "fillColor": "#2E7D32", "weight": 2, "opacity": 1, "fillOpacity": 0.5}}, "geometry": {"type": "Polygon", "coordinates": [[[3.0453575691769923, 50.57836553626791], [3.046045303344727, 50.57872662651129], [3.0467742498045207, 50.57813048547103], [3.0461311484049474, 50.577772797225066], [3.0453575691769923, 50.57836553626791]]]}}, {"type": "Feature", "properties": {"name": "WATTIGNIES APPT 20", "description": "Restitué le 27.11.2024 — 646 jours", "_umap_options": {"color": "#2E7D32", "fillColor": "#2E7D32", "weight": 2, "opacity": 1, "fillOpacity": 0.5}}, "geometry": {"type": "Polygon", "coordinates": [[[3.0444466870106983, 50.59139028570262], [3.044916697044391, 50.591461802884375], [3.045142078053287, 50.59069213607845], [3.0446644849629716, 50.59062402336571], [3.0444466870106983, 50.59139028570262]]]}}, {"type": "Feature", "properties": {"name": "WATTIGNIES APPT 21", "description": "Restitué le 27.12.2024 — 616 jours", "_umap_options": {"color": "#2E7D32", "fillColor": "#2E7D32", "weight": 2, "opacity": 1, "fillOpacity": 0.5}}, "geometry": {"type": "Polygon", "coordinates": [[[3.0452708672012734, 50.5915809979459], [3.0448469362558854, 50.59151288651912], [3.044685949820943, 50.592003286592366], [3.045115246980803, 50.59206458624234], [3.0452708672012734, 50.5915809979459]]]}}, {"type": "Feature", "properties": {"name": "WATTIGNIES APPT 22", "description": "Restitué le 08.04.2025 — 514 jours", "_umap_options": {"color": "#2E7D32", "fillColor": "#2E7D32", "weight": 2, "opacity": 1, "fillOpacity": 0.5}}, "geometry": {"type": "Polygon", "coordinates": [[[3.0364897168968605, 50.591165516709765], [3.036963291522694, 50.591206383879204], [3.03710819188944, 50.59068532481162], [3.0366024185063454, 50.59062742900367], [3.0364897168968605, 50.591165516709765]]]}}, {"type": "Feature", "properties": {"name": "WATTIGNIES APPT 23", "description": "Restitué le 08.04.2025 — 514 jours", "_umap_options": {"color": "#2E7D32", "fillColor": "#2E7D32", "weight": 2, "opacity": 1, "fillOpacity": 0.5}}, "geometry": {"type": "Polygon", "coordinates": [[[3.0373861699791864, 50.59068532481162], [3.0379389445399907, 50.59078749371078], [3.0380409126628165, 50.58982709730506], [3.0374291039256645, 50.589786228938316], [3.0373861699791864, 50.59068532481162]]]}}, {"type": "Feature", "properties": {"name": "WATTIGNIES APPT 24", "description": "Restitué le 03.05.2024 — 854 jours", "_umap_options": {"color": "#2E7D32", "fillColor": "#2E7D32", "weight": 2, "opacity": 1, "fillOpacity": 0.5}}, "geometry": {"type": "Polygon", "coordinates": [[[3.038883803478481, 50.590698947344315], [3.0389210585654167, 50.59035157152921], [3.038111336264566, 50.59031410927839], [3.0380684137344365, 50.59067170227496], [3.038883803478481, 50.590698947344315]]]}}, {"type": "Feature", "properties": {"name": "WATTIGNIES APPT 25", "description": "Restitué le 25.04.2025 — 497 jours", "_umap_options": {"color": "#2E7D32", "fillColor": "#2E7D32", "weight": 2, "opacity": 1, "fillOpacity": 0.5}}, "geometry": {"type": "Polygon", "coordinates": [[[3.0382985163416443, 50.59029367531084], [3.038808356955931, 50.59032773191851], [3.0388944963852005, 50.589953107879175], [3.0392056254450366, 50.58970108639366], [3.039227124435944, 50.5896125379839], [3.039264450803581, 50.58948993221849], [3.0386048932632375, 50.58939457195801], [3.0382985163416443, 50.59029367531084]]]}}, {"type": "Feature", "properties": {"name": "WATTIGNIES APPT 42", "description": "Restitué le 17.04.2024 — 870 jours", "_umap_options": {"color": "#2E7D32", "fillColor": "#2E7D32", "weight": 2, "opacity": 1, "fillOpacity": 0.5}}, "geometry": {"type": "Polygon", "coordinates": [[[3.0487318150647718, 50.58810718953702], [3.0487908434242517, 50.58791305738751], [3.0479429815335157, 50.58781088225045], [3.0478745698928837, 50.58799820316567], [3.0487318150647718, 50.58810718953702]]]}}]}